<?xml version="1.0" encoding="UTF-8"?>

<project name="Polyspace" files="1" includes="28" ap_cg_cycle="0" ap_cg_direct_cycle="0" pshv="0" unpshv="0">
<file name="C:\SynergyEA3\Working\TuningSelAuth\src\Ap_TuningSelAuth.c" total_lines="364" lines_without_cmt="128" comf="25" fco="3">
<function name="TuningSelAuth_Per1" path="34" goto="0" vg="8" calling="0" calls="2" param="0" stmt="39" level="3" return="0" vocf="6.0" flin="108" fxln="51" ncalls="3">
</function>
<function name="TuningSelAuth_Init1" path="4" goto="0" vg="3" calling="0" calls="1" param="0" stmt="13" level="1" return="0" vocf="3.9" flin="35" fxln="13" ncalls="1">
</function>
<function name="NF_FullUpdate_f32" path="1" goto="0" vg="1" calling="0" calls="2" param="3" stmt="3" level="1" return="1" vocf="2.0" flin="0" fxln="0" ncalls="2">
</function>
<function name="NF_OpUpdate_f32" path="1" goto="0" vg="1" calling="1" calls="0" param="2" stmt="2" level="1" return="1" vocf="1.9" flin="0" fxln="0" ncalls="0">
</function>
<function name="NF_SvUpdate_f32" path="1" goto="0" vg="1" calling="1" calls="0" param="3" stmt="4" level="1" return="1" vocf="4.2" flin="0" fxln="0" ncalls="0">
</function>
<function name="Blend_f32" path="1" goto="0" vg="1" calling="0" calls="0" param="3" stmt="1" level="1" return="1" vocf="2.9" flin="0" fxln="0" ncalls="0">
</function>
</file>
</project>
