<?xml version="1.0" encoding="UTF-8"?>

<project name="Polyspace" files="1" includes="24" ap_cg_cycle="0" ap_cg_direct_cycle="0" pshv="0" unpshv="0">
<file name="C:\Synergy_KK\working\AstLmt_CM-nz4qtt\AstLmt_CM\src\Ap_AstLmt.c" total_lines="948" lines_without_cmt="211" comf="23" fco="4">
<function name="AstLmt_Scom_ManualTrqCmd" path="3" goto="0" vg="3" calling="0" calls="1" param="2" stmt="13" level="2" return="1" vocf="4.5" flin="42" fxln="15" ncalls="1">
</function>
<function name="AstLmt_Per1" path="96" goto="0" vg="35" calling="0" calls="2" param="0" stmt="71" level="3" return="0" vocf="11.9" flin="224" fxln="87" ncalls="4">
</function>
<function name="AstLmt_Init" path="1" goto="0" vg="1" calling="0" calls="1" param="0" stmt="2" level="1" return="0" vocf="2.5" flin="12" fxln="2" ncalls="1">
</function>
<function name="Blend_f32" path="1" goto="0" vg="1" calling="0" calls="0" param="3" stmt="1" level="1" return="1" vocf="2.9" flin="0" fxln="0" ncalls="0">
</function>
</file>
</project>
