<?xml version="1.0" encoding="UTF-8"?>
<MISRA-C-Report-Summary>
<File Mode="advisory" Error="0" Warning="9" Total="9">
<Name>
C:\Synergy_KK\working\AstLmt_CM-nz4qtt\AstLmt_CM\src\Ap_AstLmt.c</Name>
</File>
<File Mode="required" Error="0" Warning="12" Total="12">
<Name>
C:\Synergy_KK\working\AstLmt_CM-nz4qtt\AstLmt_CM\src\Ap_AstLmt.c</Name>
</File>
<Rule Name="19.1" Count="7" Mode="advisory" Severity="warning">
<Message>
#include statements in a file shall only be preceded by other preprocessor directives or comments.</Message>
</Rule>
<Rule Name="10.1" Count="4" Mode="required" Severity="warning">
<Message>
</Message>
</Rule>
<Rule Name="8.10" Count="4" Mode="required" Severity="warning">
<Message>
</Message>
</Rule>
<Rule Name="8.1" Count="3" Mode="required" Severity="warning">
<Message>
Function 'fabsf' has no complete visible prototype at call.</Message>
</Rule>
<Rule Name="5.7" Count="2" Mode="advisory" Severity="warning">
<Message>
</Message>
</Rule>
<Rule Name="8.7" Count="1" Mode="required" Severity="warning">
<Message>
Objects shall be defined at block scope if they are only accessed from</Message>
</Rule>
</MISRA-C-Report-Summary>
