<?xml version="1.0" encoding="UTF-8"?>

<project name="Polyspace" files="1" includes="27" ap_cg_cycle="0" ap_cg_direct_cycle="0" pshv="0" unpshv="0">
<file name="C:\Synergy_KK\working\TranlDampg-nz4qtt\TranlDampg\src\Ap_TranlDampg.c" total_lines="598" lines_without_cmt="247" comf="16" fco="7">
<function name="Ap_TranlDampg_Per1" path="1280" goto="0" vg="25" calling="0" calls="5" param="0" stmt="88" level="3" return="0" vocf="11.1" flin="293" fxln="113" ncalls="8">
</function>
<function name="Ap_TranlDampg_Init" path="1" goto="0" vg="1" calling="0" calls="0" param="0" stmt="4" level="1" return="0" vocf="3.3" flin="12" fxln="4" ncalls="0">
</function>
<function name="Blend_f32" path="1" goto="0" vg="1" calling="0" calls="0" param="3" stmt="1" level="1" return="1" vocf="2.9" flin="0" fxln="0" ncalls="0">
</function>
</file>
</project>
