<?xml version="1.0" encoding="UTF-8"?>

<project name="Polyspace" files="1" includes="29" ap_cg_cycle="0" ap_cg_direct_cycle="0" pshv="0" unpshv="0">
<file name="C:\SynergyWorkspace\WorkingProjects\AvgFricLrn-_3.1\AvgFricLrn\src\Ap_AvgFricLrn.c" total_lines="1919" lines_without_cmt="612" comf="23" fco="19">
<function name="ClearMode" path="10" goto="0" vg="5" calling="1" calls="0" param="0" stmt="14" level="2" return="0" vocf="7.2" flin="30" fxln="14" ncalls="0">
</function>
<function name="BaselineMode" path="14" goto="0" vg="10" calling="1" calls="0" param="0" stmt="19" level="3" return="0" vocf="7.8" flin="43" fxln="20" ncalls="0">
</function>
<function name="FricLearning" path="3888" goto="0" vg="21" calling="1" calls="4" param="4" stmt="45" level="2" return="0" vocf="12.2" flin="124" fxln="53" ncalls="5">
</function>
<function name="VehSpdConstraint" path="3" goto="0" vg="3" calling="1" calls="0" param="3" stmt="8" level="2" return="0" vocf="4.1" flin="20" fxln="9" ncalls="0">
</function>
<function name="HwVelConstraint" path="30" goto="0" vg="9" calling="1" calls="2" param="3" stmt="23" level="2" return="0" vocf="6.4" flin="61" fxln="29" ncalls="2">
</function>
<function name="HwAngConstraint" path="3" goto="0" vg="3" calling="1" calls="1" param="3" stmt="7" level="2" return="0" vocf="3.4" flin="20" fxln="8" ncalls="1">
</function>
<function name="LoadBuffer" path="2" goto="0" vg="2" calling="3" calls="0" param="3" stmt="3" level="1" return="0" vocf="2.2" flin="9" fxln="3" ncalls="0">
</function>
<function name="AvgFricLrn_Trns1" path="2" goto="0" vg="6" calling="0" calls="1" param="0" stmt="4" level="1" return="0" vocf="6.6" flin="23" fxln="6" ncalls="1">
</function>
<function name="AvgFricLrn_SCom_SetSelect" path="1" goto="0" vg="1" calling="0" calls="1" param="3" stmt="5" level="1" return="0" vocf="2.7" flin="14" fxln="5" ncalls="1">
</function>
<function name="AvgFricLrn_SCom_SetOffsetOutputDefeat" path="1" goto="0" vg="1" calling="0" calls="0" param="1" stmt="1" level="1" return="0" vocf="1.1" flin="10" fxln="1" ncalls="0">
</function>
<function name="AvgFricLrn_SCom_SetEOLFric" path="1" goto="0" vg="1" calling="0" calls="1" param="1" stmt="2" level="1" return="0" vocf="2.0" flin="11" fxln="2" ncalls="1">
</function>
<function name="AvgFricLrn_SCom_ResetToZero" path="1" goto="0" vg="1" calling="0" calls="0" param="0" stmt="3" level="1" return="0" vocf="2.3" flin="12" fxln="3" ncalls="0">
</function>
<function name="AvgFricLrn_SCom_InitLearnedTables" path="1" goto="0" vg="1" calling="0" calls="0" param="0" stmt="3" level="1" return="0" vocf="2.3" flin="12" fxln="3" ncalls="0">
</function>
<function name="AvgFricLrn_SCom_GetSelect" path="1" goto="0" vg="1" calling="0" calls="0" param="3" stmt="3" level="1" return="0" vocf="2.5" flin="12" fxln="3" ncalls="0">
</function>
<function name="AvgFricLrn_SCom_GetOffsetOutputDefeat" path="1" goto="0" vg="1" calling="0" calls="0" param="1" stmt="1" level="1" return="0" vocf="1.2" flin="10" fxln="1" ncalls="0">
</function>
<function name="AvgFricLrn_SCom_GetEOLFric" path="1" goto="0" vg="1" calling="0" calls="0" param="1" stmt="1" level="1" return="0" vocf="1.4" flin="10" fxln="1" ncalls="0">
</function>
<function name="AvgFricLrn_Per1" path="332" goto="0" vg="18" calling="0" calls="14" param="0" stmt="68" level="4" return="0" vocf="8.6" flin="241" fxln="87" ncalls="15">
</function>
<function name="AvgFricLrn_Init1" path="2" goto="0" vg="2" calling="0" calls="2" param="0" stmt="19" level="1" return="0" vocf="7.4" flin="42" fxln="18" ncalls="10">
</function>
<function name="NF_FullUpdate_f32" path="1" goto="0" vg="1" calling="0" calls="2" param="3" stmt="3" level="1" return="1" vocf="2.0" flin="0" fxln="0" ncalls="2">
</function>
<function name="NF_OpUpdate_f32" path="1" goto="0" vg="1" calling="1" calls="0" param="2" stmt="2" level="1" return="1" vocf="1.9" flin="0" fxln="0" ncalls="0">
</function>
<function name="NF_SvUpdate_f32" path="1" goto="0" vg="1" calling="1" calls="0" param="3" stmt="4" level="1" return="1" vocf="4.2" flin="0" fxln="0" ncalls="0">
</function>
<function name="Blend_f32" path="1" goto="0" vg="1" calling="0" calls="0" param="3" stmt="1" level="1" return="1" vocf="2.9" flin="0" fxln="0" ncalls="0">
</function>
</file>
</project>
