<?xml version="1.0" encoding="UTF-8"?>
<MISRA-C-Report-Summary>
<File Mode="required" Error="0" Warning="59" Total="59">
<Name>
C:\SynergyWorkspace\WorkingProjects\AvgFricLrn-_3.1\AvgFricLrn\src\Ap_AvgFricLrn.c</Name>
</File>
<Rule Name="10.1" Count="13" Mode="required" Severity="warning">
<Message>
</Message>
</Rule>
<Rule Name="8.1" Count="13" Mode="required" Severity="warning">
<Message>
</Message>
</Rule>
<Rule Name="8.10" Count="13" Mode="required" Severity="warning">
<Message>
</Message>
</Rule>
<Rule Name="10.2" Count="10" Mode="required" Severity="warning">
<Message>
Implicit conversion of complex floating expression from 'float' to 'double'.</Message>
</Rule>
<Rule Name="5.1" Count="4" Mode="required" Severity="warning">
<Message>
</Message>
</Rule>
<Rule Name="8.7" Count="4" Mode="required" Severity="warning">
<Message>
Objects shall be defined at block scope if they are only accessed from</Message>
</Rule>
<Rule Name="19.11" Count="1" Mode="required" Severity="warning">
<Message>
`BC_AVGFRICLRN_FAULTINJECTIONPOINT' is not defined.</Message>
</Rule>
<Rule Name="19.4" Count="1" Mode="required" Severity="warning">
<Message>
Macro 'D_HWPTNUM_CNT_U16' does not expand to compliant construct.</Message>
</Rule>
</MISRA-C-Report-Summary>
