<?xml version="1.0" encoding="UTF-8"?>
<Navig version="1.0">
<Files>
<F id="1" n="C:\Program Files\MATLAB\R2013b\polyspace\verifier\cxx\cinclude\stdarg.h"/>
<F id="2" n="C:\SynergyEA3\Working\StdDef\include\Platform_Types.h"/>
<F id="3" n="C:\SynergyEA3\Working\StdDef\include\Std_Types.h"/>
<F id="4" n="C:\SynergyEA3\Working\TrqLOA\tools\Contract\Ap_TrqLOA\Rte_Type.h"/>
<F id="5" n="C:\SynergyEA3\Working\TrqLOA\tools\Contract\Ap_TrqLOA\Rte_Ap_TrqLOA.h"/>
<F id="6" n="C:\SynergyEA3\Working\NxtrLib\include\fpmtype.h"/>
<F id="7" n="C:\Program Files\MATLAB\R2013b\polyspace\verifier\cxx\include\include-libc\bits\huge_val.h"/>
<F id="8" n="C:\SynergyEA3\Working\NxtrLib\include\Filter_Types.h"/>
<F id="9" n="C:\SynergyEA3\Working\TrqLOA\tools\Contract\CalConstants.h"/>
<F id="10" n="C:\SynergyEA3\Working\TrqLOA\src\Ap_TrqLOA.c"/>
<F id="11" n="C:\SynergyEA3\Working\NxtrLib\include\interpolation.h"/>
<F id="12" n="C:\SynergyEA3\Working\NxtrLib\include\GlobalMacro.h"/>
<F id="13" n="C:\SynergyEA3\Working\NxtrLib\include\filters.h"/>
<F id="14" n="C-STUBS\__polyspace__stdstubs.c"/>
<F id="15" n="C:\Program Files\MATLAB\R2013b\polyspace\verifier\cxx\cinclude\__polyspace__std_decls.h"/>
<F id="16" n="C:\Program Files\MATLAB\R2013b\polyspace\verifier\cxx\cinclude\assert.h"/>
<F id="17" n="C:\Program Files\MATLAB\R2013b\polyspace\verifier\cxx\cinclude\__polyspace__libc_defs.h"/>
<F id="18" n="C:\SynergyEA3\Working\TrqLOA\tools\Contract\Ap_TrqLOA\Rte.h"/>
<F id="19" n="C:\SynergyEA3\Working\StdDef\include\Compiler.h"/>
<F id="20" n="C:\SynergyEA3\Working\TrqLOA\tools\Contract\Compiler_Cfg.h"/>
<F id="21" n="C:\SynergyEA3\Working\TrqLOA\tools\Contract\MemMap.h"/>
<F id="22" n="C:\SynergyEA3\Working\NxtrLib\include\fixmath.h"/>
<F id="23" n="C:\Program Files\MATLAB\R2013b\polyspace\verifier\cxx\include\include-libc\math.h"/>
<F id="24" n="C:\Program Files\MATLAB\R2013b\polyspace\verifier\cxx\include\include-libc\features.h"/>
<F id="25" n="C:\Program Files\MATLAB\R2013b\polyspace\verifier\cxx\include\include-libc\sys\cdefs.h"/>
<F id="26" n="C:\Program Files\MATLAB\R2013b\polyspace\verifier\cxx\include\include-libc\gnu\stubs.h"/>
<F id="27" n="C:\Program Files\MATLAB\R2013b\polyspace\verifier\cxx\include\include-libc\endian.h"/>
<F id="28" n="C:\Program Files\MATLAB\R2013b\polyspace\verifier\cxx\include\include-libc\bits\endian.h"/>
<F id="29" n="C:\Program Files\MATLAB\R2013b\polyspace\verifier\cxx\include\include-libc\bits\mathdef.h"/>
<F id="30" n="C:\Program Files\MATLAB\R2013b\polyspace\verifier\cxx\include\include-libc\bits\mathcalls.h"/>
</Files>
<Definitions>
<D id="1" f="6" l="1101" c="15" n="s14p17_T" t="7" d="1"/>
<D id="2" f="6" l="1011" c="15" n="s29p2_T" t="7" d="1"/>
<D id="3" f="14" l="114" c="23" n="size_t" t="7" d="1"/>
<D id="4" f="10" l="210" c="17" n="MtrVel_MtrRadpS_T_f32" t="4" d="1"/>
<D id="5" f="6" l="1131" c="15" n="s9p22_T" t="7" d="1"/>
<D id="6" f="6" l="1041" c="15" n="s24p7_T" t="7" d="1"/>
<D id="7" f="10" l="220" c="17" n="Cmd_MtrNm_T_f32" t="4" d="1"/>
<D id="8" f="6" l="1113" c="15" n="s12p19_T" t="7" d="1"/>
<D id="9" f="10" l="211" c="17" n="VehWhlBas_mm_T_f32" t="4" d="1"/>
<D id="10" f="10" l="240" c="16" n="DiffScale_g_T_u1p15" t="4" d="1"/>
<D id="11" f="14" l="540" c="23" n="_polyspace_random_ulong" t="5" d="1"/>
<D id="12" f="6" l="1023" c="15" n="s27p4_T" t="7" d="1"/>
<D id="13" f="6" l="1005" c="15" n="s30p1_T" t="7" d="1"/>
<D id="14" f="14" l="510" c="25" n="random" t="4" d="1"/>
<D id="15" f="10" l="230" c="17" n="TrqBasedScaleFactor_Uls_T_f32" t="4" d="1"/>
<D id="16" f="10" l="221" c="17" n="DiffScale_g_T_f32" t="4" d="1"/>
<D id="17" f="14" l="119" c="21" n="wchar_t" t="7" d="1"/>
<D id="18" f="10" l="212" c="17" n="LatA_MpSecSq_T_f32" t="4" d="1"/>
<D id="19" f="10" l="241" c="16" n="VehSpd_Kph_T_u10p6" t="4" d="1"/>
<D id="20" f="14" l="116" c="14" n="ptrdiff_t" t="7" d="1"/>
<D id="21" f="14" l="524" c="13" n="_polyspace_random_int" t="5" d="1"/>
<D id="22" f="14" l="532" c="14" n="_polyspace_random_long" t="5" d="1"/>
<D id="23" f="10" l="231" c="17" n="VehSpdScaleFactor_Uls_T_f32" t="4" d="1"/>
<D id="24" f="10" l="222" c="17" n="FinalScaleFactor_Uls_T_f32" t="4" d="1"/>
<D id="25" f="10" l="213" c="17" n="VehSpd_Kph_T_f32" t="4" d="1"/>
<D id="26" f="10" l="242" c="16" n="TempTrqCmdSatLkpTbl_Uls_T_u4p12" t="4" d="1"/>
<D id="27" f="6" l="1161" c="15" n="s4p27_T" t="7" d="1"/>
<D id="28" f="6" l="1071" c="15" n="s19p12_T" t="7" d="1"/>
<D id="29" f="6" l="1143" c="15" n="s7p24_T" t="7" d="1"/>
<D id="30" f="6" l="1053" c="15" n="s22p9_T" t="7" d="1"/>
<D id="31" f="10" l="232" c="17" n="FiltLatAccEst_g_T_f32" t="4" d="1"/>
<D id="32" f="6" l="1125" c="15" n="s10p21_T" t="7" d="1"/>
<D id="33" f="10" l="223" c="17" n="LatAccScaleFactor_Uls_T_f32" t="4" d="1"/>
<D id="34" f="6" l="1035" c="15" n="s25p6_T" t="7" d="1"/>
<D id="35" f="10" l="214" c="17" n="LatAccEst_g_T_f32" t="4" d="1"/>
<D id="36" f="10" l="243" c="16" n="VehBasedSpdDependentGainTbl_Uls_T_u1p15" t="4" d="1"/>
<D id="37" f="6" l="1107" c="15" n="s13p18_T" t="7" d="1"/>
<D id="38" f="6" l="1017" c="15" n="s28p3_T" t="7" d="1"/>
<D id="39" f="10" l="343" c="34" n="fabsf" t="2" d="0"/>
<D id="40" f="14" l="516" c="23" n="_polyspace_random_uchar" t="5" d="1"/>
<D id="41" f="10" l="233" c="17" n="MotAgLoaMtgtnEn_Cnt_T_lgc" t="4" d="1"/>
<D id="42" f="10" l="224" c="17" n="MtrVelScaleFactor_Uls_T_f32" t="4" d="1"/>
<D id="43" f="10" l="215" c="17" n="Usquare_MSqpSecSq_T_f32" t="4" d="1"/>
<D id="44" f="10" l="244" c="16" n="SpdDependentGainTbl_Uls_T_u4p12" t="4" d="1"/>
<D id="45" f="10" l="234" c="17" n="TrqLoaDi_Cnt_T_lgc" t="4" d="1"/>
<D id="46" f="10" l="225" c="17" n="NomDrvTrq_MtrNm_T_f32" t="4" d="1"/>
<D id="47" f="14" l="508" c="14" n="_polyspace_random_char" t="5" d="1"/>
<D id="48" f="14" l="542" c="34" n="random" t="4" d="1"/>
<D id="49" f="6" l="1173" c="15" n="s2p29_T" t="7" d="1"/>
<D id="50" f="10" l="216" c="17" n="LatAccelMeas_MpSecSq_T_f32" t="4" d="1"/>
<D id="51" f="10" l="245" c="16" n="AbsDiffScale_g_T_u2p14" t="4" d="1"/>
<D id="52" f="6" l="1083" c="15" n="s17p14_T" t="7" d="1"/>
<D id="53" f="6" l="1155" c="15" n="s5p26_T" t="7" d="1"/>
<D id="54" f="6" l="1065" c="15" n="s20p11_T" t="7" d="1"/>
<D id="55" f="10" l="156" c="52" n="expf" t="2" d="0"/>
<D id="56" f="6" l="1137" c="15" n="s8p23_T" t="7" d="1"/>
<D id="57" f="10" l="235" c="17" n="VehWhlBasVld_Cnt_T_lgc" t="4" d="1"/>
<D id="58" f="6" l="1047" c="15" n="s23p8_T" t="7" d="1"/>
<D id="59" f="10" l="226" c="17" n="ScaledMtrTrqCmd_MtrNm_T_f32" t="4" d="1"/>
<D id="60" f="14" l="526" c="24" n="random" t="4" d="1"/>
<D id="61" f="6" l="1119" c="15" n="s11p20_T" t="7" d="1"/>
<D id="62" f="10" l="217" c="17" n="VehWhlBasUsed_mm_T_f32" t="4" d="1"/>
<D id="63" f="6" l="1029" c="15" n="s26p5_T" t="7" d="1"/>
<D id="64" f="10" l="208" c="17" n="HwAuthority_Uls_T_f32" t="4" d="1"/>
<D id="65" f="14" l="534" c="25" n="random" t="4" d="1"/>
<D id="66" f="10" l="236" c="17" n="VehLatAVld_Cnt_T_lgc" t="4" d="1"/>
<D id="67" f="10" l="227" c="17" n="SpdDependentGainTbl_Uls_T_f32" t="4" d="1"/>
<D id="68" f="10" l="218" c="17" n="VehWhlBasUsed_m_T_f32" t="4" d="1"/>
<D id="69" f="10" l="209" c="17" n="HwPosn_HwDeg_T_f32" t="4" d="1"/>
<D id="70" f="10" l="237" c="17" n="VehSpdVld_Cnt_T_lgc" t="4" d="1"/>
<D id="71" f="6" l="1185" c="15" n="s0p31_T" t="7" d="1"/>
<D id="72" f="10" l="228" c="17" n="TempMtrTrqCmd_MtrNm_T_f32" t="4" d="1"/>
<D id="73" f="6" l="1095" c="15" n="s15p16_T" t="7" d="1"/>
<D id="74" f="10" l="219" c="17" n="AbsDiffScale_g_T_f32" t="4" d="1"/>
<D id="75" f="6" l="1167" c="15" n="s3p28_T" t="7" d="1"/>
<D id="76" f="6" l="1077" c="15" n="s18p13_T" t="7" d="1"/>
<D id="77" f="14" l="518" c="34" n="random" t="4" d="1"/>
<D id="78" f="6" l="1149" c="15" n="s6p25_T" t="7" d="1"/>
<D id="79" f="6" l="1059" c="15" n="s21p10_T" t="7" d="1"/>
<D id="80" f="10" l="238" c="17" n="VehWhlBasUnavailable_Cnt_T_lgc" t="4" d="1"/>
<D id="81" f="10" l="229" c="17" n="TempTrqCmdSatLkpTbl_Uls_T_f32" t="4" d="1"/>
<D id="82" f="10" l="239" c="17" n="TloaAvail_Cnt_T_lgc" t="4" d="1"/>
<D id="83" f="13" l="59" c="135" n="FiltK_Cnt_T_Str" t="4" d="1"/>
<D id="84" f="14" l="547" c="16" n="_polyspace_random_double" t="5" d="1"/>
<D id="85" f="6" l="1179" c="15" n="s1p30_T" t="7" d="1"/>
<D id="86" f="6" l="1089" c="15" n="s16p15_T" t="7" d="1"/>
<D id="87" f="14" l="3594" c="4" n="__polyspace_nb_varargs" t="1" d="1"/>
<D id="88" f="14" l="3593" c="7" n="__polyspace_vararg" t="1" d="1"/>
<D id="89" f="14" l="549" c="27" n="random" t="4" d="1"/>
<D id="90" f="13" l="100" c="134" n="FiltK_Cnt_T_Str" t="4" d="1"/>
<D id="91" f="14" l="6939" c="14" n="_polyspace_compare_function_type" t="7" d="1"/>
<D id="92" f="8" l="43" c="1" n="LPF32KSV_Str" t="7" d="1"/>
<D id="93" f="8" l="36" c="1" n="NotchFiltSV_Str" t="7" d="1"/>
<D id="94" f="8" l="29" c="1" n="NotchFiltK_Str" t="7" d="1"/>
<D id="95" f="8" l="48" c="1" n="HPF32KSV_Str" t="7" d="1"/>
<D id="96" f="14" l="11400" c="21" n="HUGE_VALF" t="1" d="1"/>
<D id="97" f="14" l="11401" c="21" n="HUGE_VALL" t="1" d="1"/>
<D id="98" f="14" l="11381" c="12" n="_polyspace_random_long_double" t="2" d="1"/>
<D id="99" f="14" l="12243" c="16" n="__polyspace_absolute_address" t="1" d="1"/>
<D id="100" f="14" l="11383" c="23" n="random" t="4" d="1"/>
<D id="101" f="14" l="11399" c="21" n="HUGE_VAL" t="1" d="1"/>
<D id="102" f="9" l="50" c="20" n="t_TrqLOA_HighSpeedTrqBlend_Y_Uls_u1p15" t="1" d="0"/>
<D id="103" f="9" l="40" c="21" n="k_TrqLOA_MaxScaleFactor_Uls_f32" t="1" d="0"/>
<D id="104" f="9" l="51" c="20" n="t_TrqLOA_LatAccGain_Y_MtrNmpG_u4p12" t="1" d="0"/>
<D id="105" f="7" l="52" c="20" n="__huge_val" t="3" d="1"/>
<D id="106" f="8" l="41" c="12" n="SV_Uls_f32" t="9" d="1"/>
<D id="107" f="9" l="41" c="21" n="k_TrqLOA_MinScaleFactor_Uls_f32" t="1" d="0"/>
<D id="108" f="9" l="52" c="20" n="t_TrqLOA_TempTrqCmdSatYTbl_MtrNm_u4p12" t="1" d="0"/>
<D id="109" f="5" l="41" c="40" n="Rte_Instance" t="7" d="1"/>
<D id="110" f="9" l="32" c="21" n="k_TrqLOA_AbsAssistThreshold_MtrNm_f32" t="1" d="0"/>
<D id="111" f="8" l="42" c="12" n="K_Uls_f32" t="9" d="1"/>
<D id="112" f="9" l="42" c="21" n="k_TrqLOA_NomDrvTrq_MtrNm_f32" t="1" d="0"/>
<D id="113" f="9" l="53" c="20" n="t_TrqLOA_X_Kph_u10p6" t="1" d="0"/>
<D id="114" f="7" l="43" c="30" n="__c" t="9" d="1"/>
<D id="115" f="9" l="33" c="21" n="k_TrqLOA_AbsVelThreshold_MtrRadpS_f32" t="1" d="0"/>
<D id="116" f="9" l="43" c="21" n="k_TrqLOA_RisingRampRate_UlspS_f32" t="1" d="0"/>
<D id="117" f="9" l="34" c="21" n="k_TrqLOA_DiffScaleRateLimiterFalling_UlspS_f32" t="1" d="0"/>
<D id="118" f="9" l="44" c="21" n="k_TrqLOA_SteerRatio_Uls_f32" t="1" d="0"/>
<D id="119" f="3" l="117" c="2" n="Std_VersionInfoType" t="7" d="1"/>
<D id="120" f="9" l="35" c="21" n="k_TrqLOA_DiffScaleRateLimiterRising_UlspS_f32" t="1" d="0"/>
<D id="121" f="9" l="54" c="21" n="k_Cmn_VehWhlBas_mm_f32" t="1" d="0"/>
<D id="122" f="9" l="45" c="21" n="k_TrqLOA_UndersteerGrad_RadpG_f32" t="1" d="0"/>
<D id="123" f="9" l="36" c="21" n="k_TrqLOA_FallingRampRate_UlspS_f32" t="1" d="0"/>
<D id="124" f="9" l="47" c="20" n="t_TrqLOA_DiffGainX_G_u2p14" t="1" d="0"/>
<D id="125" f="4" l="164" c="2" n="Rte_DE_Float" t="7" d="1"/>
<D id="126" f="9" l="46" c="21" n="k_TrqLOA_UseVehWhlBasCal_Cnt_lgc" t="1" d="0"/>
<D id="127" f="9" l="37" c="21" n="k_TrqLOA_LPF_Hz_f32" t="1" d="0"/>
<D id="128" f="9" l="48" c="20" n="t2_TrqLOA_DiffGainY_Uls_u1p15" t="1" d="0"/>
<D id="129" f="1" l="45" c="14" n="__va_list" t="7" d="1"/>
<D id="130" f="8" l="35" c="32" n="KPtr_Cnt_Str" t="9" d="1"/>
<D id="131" f="9" l="38" c="21" n="k_TrqLOA_LatAccConversionFactor_Uls_f32" t="1" d="0"/>
<D id="132" f="9" l="49" c="20" n="t_TrqLOA_HighSpeedTrqBlend_X_Kph_u10p6" t="1" d="0"/>
<D id="133" f="4" l="64" c="14" n="SInt4" t="7" d="1"/>
<D id="134" f="9" l="39" c="21" n="k_TrqLOA_LimOutput_MtrNm_f32" t="1" d="0"/>
<D id="135" f="7" l="43" c="52" n="__huge_val_t" t="7" d="1"/>
<D id="136" f="4" l="54" c="15" n="SInt16" t="7" d="1"/>
<D id="137" f="1" l="50" c="18" n="__gnuc_va_list" t="7" d="1"/>
<D id="138" f="4" l="84" c="14" n="UInt4" t="7" d="1"/>
<D id="139" f="4" l="35" c="16" n="Boolean" t="7" d="1"/>
<D id="140" f="4" l="74" c="15" n="UInt16" t="7" d="1"/>
<D id="141" f="8" l="24" c="17" n="A1_Uls_f32" t="9" d="1"/>
<D id="142" f="4" l="169" c="2" n="Rte_DE_Boolean" t="7" d="1"/>
<D id="143" f="8" l="25" c="17" n="A2_Uls_f32" t="9" d="1"/>
<D id="144" f="8" l="32" c="64" n="SV1_Uls_f32" t="9" d="1"/>
<D id="145" f="7" l="43" c="45" n="__d" t="9" d="1"/>
<D id="146" f="4" l="69" c="14" n="SInt8" t="7" d="1"/>
<D id="147" f="4" l="38" c="16" n="Float" t="7" d="1"/>
<D id="148" f="8" l="26" c="17" n="B0_Uls_f32" t="9" d="1"/>
<D id="149" f="8" l="33" c="64" n="SV2_Uls_f32" t="9" d="1"/>
<D id="150" f="4" l="59" c="15" n="SInt32" t="7" d="1"/>
<D id="151" f="8" l="27" c="17" n="B1_Uls_f32" t="9" d="1"/>
<D id="152" f="8" l="34" c="64" n="Out_Uls_f32" t="9" d="1"/>
<D id="153" f="4" l="89" c="14" n="UInt8" t="7" d="1"/>
<D id="154" f="8" l="46" c="17" n="LPF_Str" t="9" d="1"/>
<D id="155" f="4" l="49" c="16" n="Double" t="7" d="1"/>
<D id="156" f="4" l="163" c="8" n="value" t="9" d="1"/>
<D id="157" f="13" l="57" c="6" n="NF_SvUpdate_f32" t="2" d="1"/>
<D id="158" f="8" l="28" c="17" n="B2_Uls_f32" t="9" d="1"/>
<D id="159" f="4" l="79" c="15" n="UInt32" t="7" d="1"/>
<D id="160" f="8" l="47" c="17" n="CF_Uls_f32" t="9" d="1"/>
<D id="161" f="1" l="49" c="18" n="va_list" t="7" d="1"/>
<D id="162" f="4" l="176" c="7" n="Rte_CDS_Ap_TrqLOA" t="6" d="1"/>
<D id="163" f="3" l="111" c="10" n="vendorID" t="9" d="1"/>
<D id="164" f="3" l="112" c="10" n="moduleID" t="9" d="1"/>
<D id="165" f="3" l="113" c="10" n="instanceID" t="9" d="1"/>
<D id="166" f="3" l="100" c="22" n="StatusType" t="7" d="1"/>
<D id="167" f="3" l="114" c="10" n="sw_major_version" t="9" d="1"/>
<D id="168" f="3" l="115" c="10" n="sw_minor_version" t="9" d="1"/>
<D id="169" f="13" l="82" c="9" n="NF_OpUpdate_f32" t="2" d="1"/>
<D id="170" f="3" l="116" c="10" n="sw_patch_version" t="9" d="1"/>
<D id="171" f="10" l="201" c="5" n="TrqLOA_Per1" t="2" d="1"/>
<D id="172" f="12" l="38" c="9" n="Blend_f32" t="2" d="1"/>
<D id="173" f="11" l="31" c="14" n="IntplVarXY_u16_u16Xu16Y_Cnt" t="2" d="0"/>
<D id="174" f="6" l="210" c="15" n="u19pm3_T" t="7" d="1"/>
<D id="175" f="11" l="23" c="14" n="BilinearXYM_u16_u16Xu16YM_Cnt" t="2" d="0"/>
<D id="176" f="10" l="150" c="5" n="TrqLOA_Init1" t="2" d="1"/>
<D id="177" f="10" l="93" c="21" n="TrqLOA_LatAccelSV_g_M_Str" t="3" d="1"/>
<D id="178" f="6" l="150" c="15" n="um4p20_T" t="7" d="1"/>
<D id="179" f="6" l="222" c="15" n="u21pm5_T" t="7" d="1"/>
<D id="180" f="4" l="168" c="10" n="value" t="9" d="1"/>
<D id="181" f="6" l="132" c="15" n="um1p17_T" t="7" d="1"/>
<D id="182" f="6" l="204" c="15" n="u18pm2_T" t="7" d="1"/>
<D id="183" f="3" l="107" c="14" n="Std_ReturnType" t="7" d="1"/>
<D id="184" f="13" l="98" c="9" n="NF_FullUpdate_f32" t="2" d="1"/>
<D id="185" f="13" l="57" c="30" n="In_Uls_T_f32" t="4" d="1"/>
<D id="186" f="10" l="70" c="16" n="TrqLOA_TrqBasedScaleFactor_Uls_M_f32" t="3" d="1"/>
<D id="187" f="6" l="251" c="15" n="um1p33_T" t="7" d="1"/>
<D id="188" f="6" l="621" c="15" n="u11p5_T" t="7" d="1"/>
<D id="189" f="6" l="910" c="15" n="u13p19_T" t="7" d="1"/>
<D id="190" f="6" l="820" c="15" n="u28p4_T" t="7" d="1"/>
<D id="191" f="6" l="603" c="15" n="u14p2_T" t="7" d="1"/>
<D id="192" f="6" l="721" c="15" n="s11p4_T" t="7" d="1"/>
<D id="193" f="6" l="802" c="15" n="u31p1_T" t="7" d="1"/>
<D id="194" f="10" l="71" c="16" n="TrqLOA_TloaCmd_MtrNm_M_f32" t="3" d="1"/>
<D id="195" f="6" l="180" c="15" n="um9p25_T" t="7" d="1"/>
<D id="196" f="6" l="703" c="15" n="s14p1_T" t="7" d="1"/>
<D id="197" f="6" l="162" c="15" n="um6p22_T" t="7" d="1"/>
<D id="198" f="2" l="120" c="28" n="uint64" t="7" d="1"/>
<D id="199" f="10" l="72" c="25" n="TrqLOA_FinalScaleFactor_Uls_D_f32" t="3" d="1"/>
<D id="200" f="2" l="111" c="28" n="boolean" t="7" d="1"/>
<D id="201" f="6" l="144" c="15" n="um3p19_T" t="7" d="1"/>
<D id="202" f="13" l="82" c="33" n="In_Uls_T_f32" t="4" d="1"/>
<D id="203" f="6" l="216" c="15" n="u20pm4_T" t="7" d="1"/>
<D id="204" f="4" l="180" c="16" n="TrqLOA_Per1_HandwheelPosition_HwDeg_f32" t="9" d="1"/>
<D id="205" f="6" l="421" c="17" n="s21pm6_T" t="7" d="1"/>
<D id="206" f="6" l="331" c="17" n="sm4p19_T" t="7" d="1"/>
<D id="207" f="6" l="403" c="17" n="s18pm3_T" t="7" d="1"/>
<D id="208" f="6" l="651" c="15" n="u6p10_T" t="7" d="1"/>
<D id="209" f="6" l="940" c="15" n="u8p24_T" t="7" d="1"/>
<D id="210" f="10" l="73" c="25" n="TrqLOA_LatAccEst_G_D_f32" t="3" d="1"/>
<D id="211" f="6" l="313" c="17" n="sm1p16_T" t="7" d="1"/>
<D id="212" f="6" l="850" c="15" n="u23p9_T" t="7" d="1"/>
<D id="213" f="14" l="490" c="4" n="errno" t="1" d="1"/>
<D id="214" f="6" l="633" c="15" n="u9p7_T" t="7" d="1"/>
<D id="215" f="6" l="922" c="15" n="u11p21_T" t="7" d="1"/>
<D id="216" f="6" l="751" c="15" n="s6p9_T" t="7" d="1"/>
<D id="217" f="6" l="832" c="15" n="u26p6_T" t="7" d="1"/>
<D id="218" f="6" l="245" c="15" n="u33pm1_T" t="7" d="1"/>
<D id="219" f="6" l="615" c="15" n="u12p4_T" t="7" d="1"/>
<D id="220" f="6" l="904" c="15" n="u14p18_T" t="7" d="1"/>
<D id="221" f="2" l="122" c="28" n="uint8_least" t="7" d="1"/>
<D id="222" f="6" l="733" c="15" n="s9p6_T" t="7" d="1"/>
<D id="223" f="6" l="814" c="15" n="u29p3_T" t="7" d="1"/>
<D id="224" f="10" l="74" c="25" n="TrqLOA_LatAccScaleFactor_Uls_D_f32" t="3" d="1"/>
<D id="225" f="2" l="113" c="28" n="sint8" t="7" d="1"/>
<D id="226" f="6" l="192" c="15" n="um11p27_T" t="7" d="1"/>
<D id="227" f="4" l="191" c="16" n="TrqLOA_Per1_VehicleSpeed_Kph_f32" t="9" d="1"/>
<D id="228" f="6" l="715" c="15" n="s12p3_T" t="7" d="1"/>
<D id="229" f="4" l="182" c="16" n="TrqLOA_Per1_MtrVelCRF_MtrRadpS_f32" t="9" d="1"/>
<D id="230" f="6" l="174" c="15" n="um8p24_T" t="7" d="1"/>
<D id="231" f="2" l="132" c="28" n="float32" t="7" d="1"/>
<D id="232" f="2" l="123" c="28" n="uint16_least" t="7" d="1"/>
<D id="233" f="6" l="156" c="15" n="um5p21_T" t="7" d="1"/>
<D id="234" f="6" l="445" c="15" n="s25pm10_T" t="7" d="1"/>
<D id="235" f="10" l="75" c="25" n="TrqLOA_MtrVelScaleFactor_Uls_D_f32" t="3" d="1"/>
<D id="236" f="2" l="114" c="28" n="uint8" t="7" d="1"/>
<D id="237" f="6" l="228" c="15" n="u22pm6_T" t="7" d="1"/>
<D id="238" f="6" l="361" c="17" n="sm9p24_T" t="7" d="1"/>
<D id="239" f="6" l="138" c="15" n="um2p18_T" t="7" d="1"/>
<D id="240" f="6" l="433" c="17" n="s23pm8_T" t="7" d="1"/>
<D id="241" f="6" l="681" c="15" n="u1p15_T" t="7" d="1"/>
<D id="242" f="6" l="970" c="15" n="u3p29_T" t="7" d="1"/>
<D id="243" f="6" l="343" c="17" n="sm6p21_T" t="7" d="1"/>
<D id="244" f="6" l="591" c="15" n="u16p0_T" t="7" d="1"/>
<D id="245" f="6" l="880" c="15" n="u18p14_T" t="7" d="1"/>
<D id="246" f="2" l="133" c="28" n="float64" t="7" d="1"/>
<D id="247" f="6" l="415" c="17" n="s20pm5_T" t="7" d="1"/>
<D id="248" f="6" l="663" c="15" n="u4p12_T" t="7" d="1"/>
<D id="249" f="6" l="952" c="15" n="u6p26_T" t="7" d="1"/>
<D id="250" f="2" l="124" c="28" n="uint32_least" t="7" d="1"/>
<D id="251" f="6" l="492" c="15" n="s38pm7_T" t="7" d="1"/>
<D id="252" f="6" l="781" c="15" n="s1p14_T" t="7" d="1"/>
<D id="253" f="6" l="862" c="15" n="u21p11_T" t="7" d="1"/>
<D id="254" f="2" l="115" c="28" n="sint16" t="7" d="1"/>
<D id="255" f="6" l="645" c="15" n="u7p9_T" t="7" d="1"/>
<D id="256" f="6" l="934" c="15" n="u9p23_T" t="7" d="1"/>
<D id="257" f="6" l="480" c="17" n="sm11p42_T" t="7" d="1"/>
<D id="258" f="6" l="763" c="15" n="s4p11_T" t="7" d="1"/>
<D id="259" f="6" l="844" c="15" n="u24p8_T" t="7" d="1"/>
<D id="260" f="4" l="184" c="16" n="TrqLOA_Per1_TrqLOACmd_MtrNm_f32" t="9" d="1"/>
<D id="261" f="4" l="190" c="18" n="TrqLOA_Per1_VehicleSpeedValid_Cnt_lgc" t="9" d="1"/>
<D id="262" f="6" l="257" c="15" n="um3p35_T" t="7" d="1"/>
<D id="263" f="6" l="627" c="15" n="u10p6_T" t="7" d="1"/>
<D id="264" f="6" l="916" c="15" n="u12p20_T" t="7" d="1"/>
<D id="265" f="4" l="181" c="18" n="TrqLOA_Per1_MotAgLoaMtgtnEn_Cnt_lgc" t="9" d="1"/>
<D id="266" f="6" l="462" c="17" n="sm2p33_T" t="7" d="1"/>
<D id="267" f="6" l="745" c="15" n="s7p8_T" t="7" d="1"/>
<D id="268" f="6" l="826" c="15" n="u27p5_T" t="7" d="1"/>
<D id="269" f="10" l="86" c="25" n="TrqLOA_VehWhlBasUnavailable_Cnt_D_lgc" t="3" d="1"/>
<D id="270" f="2" l="125" c="28" n="uint64_least" t="7" d="1"/>
<D id="271" f="6" l="239" c="15" n="u34pm2_T" t="7" d="1"/>
<D id="272" f="6" l="609" c="15" n="u13p3_T" t="7" d="1"/>
<D id="273" f="10" l="77" c="25" n="TrqLOA_TempMtrTrqCmd_MtrNm_D_f32" t="3" d="1"/>
<D id="274" f="2" l="116" c="28" n="uint16" t="7" d="1"/>
<D id="275" f="6" l="727" c="15" n="s10p5_T" t="7" d="1"/>
<D id="276" f="6" l="808" c="15" n="u30p2_T" t="7" d="1"/>
<D id="277" f="6" l="186" c="15" n="um10p26_T" t="7" d="1"/>
<D id="278" f="10" l="68" c="16" n="TrqLOA_ScaledMtrTrqCmd_MtrNm_M_f32" t="3" d="1"/>
<D id="279" f="6" l="325" c="18" n="sm3p18_T" t="7" d="1"/>
<D id="280" f="6" l="391" c="17" n="s16pm1_T" t="7" d="1"/>
<D id="281" f="6" l="709" c="15" n="s13p2_T" t="7" d="1"/>
<D id="282" f="10" l="76" c="26" n="TrqLOA_ScaledMtrTrqCmd_MtrNm_D_f32" t="3" d="1"/>
<D id="283" f="6" l="168" c="15" n="um7p23_T" t="7" d="1"/>
<D id="284" f="2" l="126" c="28" n="sint8_least" t="7" d="1"/>
<D id="285" f="6" l="373" c="17" n="sm11p26_T" t="7" d="1"/>
<D id="286" f="10" l="78" c="25" n="TrqLOA_VehSpdScaleFactor_Uls_D_f32" t="3" d="1"/>
<D id="287" f="2" l="117" c="28" n="sint32" t="7" d="1"/>
<D id="288" f="6" l="982" c="15" n="u1p31_T" t="7" d="1"/>
<D id="289" f="6" l="355" c="17" n="sm8p23_T" t="7" d="1"/>
<D id="290" f="6" l="892" c="15" n="u16p16_T" t="7" d="1"/>
<D id="291" f="10" l="69" c="16" n="TrqLOA_LatAccScaleFactor_Uls_M_f32" t="3" d="1"/>
<D id="292" f="6" l="427" c="17" n="s22pm7_T" t="7" d="1"/>
<D id="293" f="6" l="675" c="15" n="u2p14_T" t="7" d="1"/>
<D id="294" f="6" l="964" c="15" n="u4p28_T" t="7" d="1"/>
<D id="295" f="4" l="183" c="18" n="TrqLOA_Per1_TrqLOAAvail_Cnt_lgc" t="9" d="1"/>
<D id="296" f="6" l="337" c="17" n="sm5p20_T" t="7" d="1"/>
<D id="297" f="6" l="874" c="15" n="u19p13_T" t="7" d="1"/>
<D id="298" f="12" l="38" c="27" n="In1_Uls_T_f32" t="4" d="1"/>
<D id="299" f="13" l="83" c="73" n="SVPtr_Cnt_T_Str" t="4" d="1"/>
<D id="300" f="2" l="127" c="28" n="sint16_least" t="7" d="1"/>
<D id="301" f="6" l="409" c="17" n="s19pm4_T" t="7" d="1"/>
<D id="302" f="6" l="657" c="15" n="u5p11_T" t="7" d="1"/>
<D id="303" f="6" l="946" c="15" n="u7p25_T" t="7" d="1"/>
<D id="304" f="10" l="79" c="25" n="TrqLOA_VehWhlBasUsed_mm_D_f32" t="3" d="1"/>
<D id="305" f="2" l="118" c="28" n="uint32" t="7" d="1"/>
<D id="306" f="6" l="319" c="17" n="sm2p17_T" t="7" d="1"/>
<D id="307" f="6" l="486" c="15" n="s32pm1_T" t="7" d="1"/>
<D id="308" f="6" l="775" c="15" n="s2p13_T" t="7" d="1"/>
<D id="309" f="6" l="856" c="15" n="u22p10_T" t="7" d="1"/>
<D id="310" f="6" l="639" c="15" n="u8p8_T" t="7" d="1"/>
<D id="311" f="6" l="928" c="15" n="u10p22_T" t="7" d="1"/>
<D id="312" f="4" l="187" c="16" n="TrqLOA_Per1_VehWhlBas_mm_f32" t="9" d="1"/>
<D id="313" f="6" l="474" c="17" n="sm4p35_T" t="7" d="1"/>
<D id="314" f="6" l="757" c="15" n="s5p10_T" t="7" d="1"/>
<D id="315" f="6" l="838" c="15" n="u25p7_T" t="7" d="1"/>
<D id="316" f="2" l="128" c="28" n="sint32_least" t="7" d="1"/>
<D id="317" f="6" l="456" c="17" n="sm1p32_T" t="7" d="1"/>
<D id="318" f="6" l="739" c="15" n="s8p7_T" t="7" d="1"/>
<D id="319" f="2" l="119" c="28" n="sint64" t="7" d="1"/>
<D id="320" f="6" l="198" c="15" n="u17pm1_T" t="7" d="1"/>
<D id="321" f="4" l="179" c="16" n="TrqLOA_Per1_HandwheelAuthority_Uls_f32" t="9" d="1"/>
<D id="322" f="4" l="185" c="18" n="TrqLOA_Per1_TrqLoaDi_Cnt_lgc" t="9" d="1"/>
<D id="323" f="6" l="385" c="17" n="sm13p28_T" t="7" d="1"/>
<D id="324" f="2" l="129" c="28" n="sint64_least" t="7" d="1"/>
<D id="325" f="6" l="367" c="17" n="sm10p25_T" t="7" d="1"/>
<D id="326" f="6" l="439" c="17" n="s24pm9_T" t="7" d="1"/>
<D id="327" f="6" l="687" c="15" n="u0p16_T" t="7" d="1"/>
<D id="328" f="6" l="976" c="15" n="u2p30_T" t="7" d="1"/>
<D id="329" f="12" l="40" c="97" n="Factor_Uls_T_f32" t="4" d="1"/>
<D id="330" f="4" l="189" c="16" n="TrqLOA_Per1_VehicleLatAccel_MpSecSq_f32" t="9" d="1"/>
<D id="331" f="6" l="349" c="17" n="sm7p22_T" t="7" d="1"/>
<D id="332" f="6" l="597" c="15" n="u15p1_T" t="7" d="1"/>
<D id="333" f="6" l="886" c="15" n="u17p15_T" t="7" d="1"/>
<D id="334" f="4" l="186" c="18" n="TrqLOA_Per1_VehWhlBasVld_Cnt_lgc" t="9" d="1"/>
<D id="335" f="6" l="669" c="15" n="u3p13_T" t="7" d="1"/>
<D id="336" f="6" l="796" c="15" n="u32p0_T" t="7" d="1"/>
<D id="337" f="6" l="958" c="15" n="u5p27_T" t="7" d="1"/>
<D id="338" f="6" l="787" c="15" n="s0p15_T" t="7" d="1"/>
<D id="339" f="6" l="868" c="15" n="u20p12_T" t="7" d="1"/>
<D id="340" f="6" l="697" c="15" n="s15p0_T" t="7" d="1"/>
<D id="341" f="13" l="98" c="35" n="In_Uls_T_f32" t="4" d="1"/>
<D id="342" f="6" l="769" c="15" n="s3p12_T" t="7" d="1"/>
<D id="343" f="6" l="468" c="17" n="sm3p34_T" t="7" d="1"/>
<D id="344" f="13" l="58" c="74" n="SVPtr_Cnt_T_Str" t="4" d="1"/>
<D id="345" f="6" l="397" c="17" n="s17pm2_T" t="7" d="1"/>
<D id="346" f="4" l="188" c="18" n="TrqLOA_Per1_VehicleLatAccelValid_Cnt_lgc" t="9" d="1"/>
<D id="347" f="6" l="379" c="17" n="sm12p27_T" t="7" d="1"/>
<D id="348" f="4" l="198" c="45" n="Rte_Inst_Ap_TrqLOA" t="1" d="0"/>
<D id="349" f="6" l="988" c="15" n="u0p32_T" t="7" d="1"/>
<D id="350" f="6" l="898" c="15" n="u15p17_T" t="7" d="1"/>
<D id="351" f="13" l="99" c="73" n="SVPtr_Cnt_T_Str" t="4" d="1"/>
<D id="352" f="6" l="999" c="15" n="s31p0_T" t="7" d="1"/>
<D id="353" f="12" l="39" c="97" n="In2_Uls_T_f32" t="4" d="1"/>
</Definitions>
<Uses>
<U id="1" f="10" l="210" c="9" d="231" a="0"/>
<U id="2" f="10" l="220" c="9" d="231" a="0"/>
<U id="3" f="10" l="211" c="9" d="231" a="0"/>
<U id="4" f="10" l="230" c="9" d="231" a="0"/>
<U id="5" f="10" l="221" c="9" d="231" a="0"/>
<U id="6" f="10" l="302" c="9" d="7" a="1"/>
<U id="7" f="10" l="212" c="9" d="231" a="0"/>
<U id="8" f="10" l="240" c="9" d="274" a="0"/>
<U id="9" f="10" l="231" c="9" d="231" a="0"/>
<U id="10" f="10" l="222" c="9" d="231" a="0"/>
<U id="11" f="10" l="303" c="9" d="26" a="1"/>
<U id="12" f="10" l="213" c="9" d="231" a="0"/>
<U id="13" f="10" l="340" c="9" d="286" a="1"/>
<U id="14" f="10" l="250" c="9" d="4" a="1"/>
<U id="15" f="10" l="331" c="9" d="42" a="1"/>
<U id="16" f="10" l="241" c="9" d="274" a="0"/>
<U id="17" f="10" l="232" c="9" d="231" a="0"/>
<U id="18" f="10" l="223" c="9" d="231" a="0"/>
<U id="19" f="10" l="214" c="9" d="231" a="0"/>
<U id="20" f="10" l="251" c="9" d="45" a="1"/>
<U id="21" f="10" l="332" c="9" d="235" a="1"/>
<U id="22" f="10" l="242" c="9" d="274" a="0"/>
<U id="23" f="10" l="233" c="9" d="200" a="0"/>
<U id="24" f="10" l="224" c="9" d="231" a="0"/>
<U id="25" f="10" l="215" c="9" d="231" a="0"/>
<U id="26" f="10" l="342" c="9" d="31" a="1"/>
<U id="27" f="10" l="252" c="9" d="57" a="1"/>
<U id="28" f="10" l="243" c="9" d="274" a="0"/>
<U id="29" f="11" l="22" c="111" d="274" a="0"/>
<U id="30" f="10" l="234" c="9" d="200" a="0"/>
<U id="31" f="10" l="225" c="9" d="231" a="0"/>
<U id="32" f="10" l="280" c="9" d="68" a="1"/>
<U id="33" f="10" l="361" c="9" d="24" a="1"/>
<U id="34" f="10" l="216" c="9" d="231" a="0"/>
<U id="35" f="10" l="352" c="9" d="16" a="1"/>
<U id="36" f="10" l="343" c="9" d="74" a="1"/>
<U id="37" f="13" l="104" c="20" d="341" a="0"/>
<U id="38" f="10" l="253" c="9" d="9" a="1"/>
<U id="39" f="10" l="334" c="9" d="36" a="1"/>
<U id="40" f="11" l="23" c="111" d="274" a="0"/>
<U id="41" f="10" l="244" c="9" d="274" a="0"/>
<U id="42" f="10" l="325" c="9" d="186" a="1"/>
<U id="43" f="10" l="235" c="9" d="200" a="0"/>
<U id="44" f="10" l="290" c="9" d="210" a="1"/>
<U id="45" f="10" l="226" c="9" d="231" a="0"/>
<U id="46" f="10" l="281" c="9" d="269" a="1"/>
<U id="47" f="10" l="307" c="9" d="81" a="1"/>
<U id="48" f="10" l="362" c="9" d="24" a="1"/>
<U id="49" f="13" l="63" c="100" d="130" a="0"/>
<U id="50" f="10" l="217" c="9" d="231" a="0"/>
<U id="51" f="10" l="353" c="9" d="291" a="1"/>
<U id="52" f="13" l="105" c="29" d="152" a="0"/>
<U id="53" f="10" l="208" c="9" d="231" a="0"/>
<U id="54" f="10" l="344" c="9" d="51" a="1"/>
<U id="55" f="14" l="511" c="11" d="14" a="0"/>
<U id="56" f="11" l="24" c="111" d="254" a="0"/>
<U id="57" f="10" l="254" c="9" d="66" a="1"/>
<U id="58" f="10" l="245" c="9" d="274" a="0"/>
<U id="59" f="10" l="236" c="9" d="200" a="0"/>
<U id="60" f="10" l="227" c="9" d="231" a="0"/>
<U id="61" f="10" l="308" c="9" d="72" a="1"/>
<U id="62" f="10" l="363" c="9" d="199" a="1"/>
<U id="63" f="10" l="218" c="9" d="231" a="0"/>
<U id="64" f="11" l="25" c="111" d="254" a="0"/>
<U id="65" f="10" l="209" c="9" d="231" a="0"/>
<U id="66" f="10" l="345" c="9" d="10" a="1"/>
<U id="67" f="11" l="22" c="131" d="254" a="0"/>
<U id="68" f="10" l="255" c="9" d="18" a="1"/>
<U id="69" f="10" l="237" c="9" d="200" a="0"/>
<U id="70" f="10" l="250" c="49" d="348" a="0"/>
<U id="71" f="10" l="292" c="9" d="19" a="1"/>
<U id="72" f="10" l="228" c="9" d="231" a="0"/>
<U id="73" f="10" l="309" c="9" d="273" a="1"/>
<U id="74" f="10" l="364" c="9" d="59" a="1"/>
<U id="75" f="13" l="105" c="12" d="351" a="0"/>
<U id="76" f="10" l="219" c="9" d="231" a="0"/>
<U id="77" f="11" l="23" c="131" d="274" a="0"/>
<U id="78" f="10" l="256" c="9" d="70" a="1"/>
<U id="79" f="14" l="550" c="11" d="89" a="0"/>
<U id="80" f="10" l="238" c="9" d="200" a="0"/>
<U id="81" f="10" l="251" c="49" d="348" a="0"/>
<U id="82" f="10" l="293" c="9" d="44" a="1"/>
<U id="83" f="10" l="313" c="13" d="278" a="0"/>
<U id="84" f="10" l="229" c="9" d="231" a="0"/>
<U id="85" f="10" l="284" c="9" d="43" a="1"/>
<U id="86" f="10" l="323" c="49" d="107" a="0"/>
<U id="87" f="10" l="361" c="39" d="42" a="0"/>
<U id="88" f="10" l="365" c="9" d="282" a="1"/>
<U id="89" f="11" l="24" c="131" d="254" a="0"/>
<U id="90" f="10" l="352" c="39" d="10" a="0"/>
<U id="91" f="10" l="257" c="9" d="25" a="1"/>
<U id="92" f="10" l="338" c="9" d="23" a="1"/>
<U id="93" f="10" l="248" c="9" d="69" a="1"/>
<U id="94" f="10" l="239" c="9" d="200" a="0"/>
<U id="95" f="10" l="252" c="49" d="348" a="0"/>
<U id="96" f="11" l="25" c="131" d="274" a="0"/>
<U id="97" f="10" l="366" c="9" d="278" a="1"/>
<U id="98" f="10" l="315" c="49" d="103" a="0"/>
<U id="99" f="11" l="26" c="149" d="274" a="0"/>
<U id="100" f="13" l="103" c="24" d="341" a="0"/>
<U id="101" f="10" l="250" c="69" d="229" a="0"/>
<U id="102" f="10" l="339" c="9" d="23" a="1"/>
<U id="103" f="10" l="249" c="9" d="41" a="1"/>
<U id="104" f="10" l="382" c="11" d="348" a="0"/>
<U id="105" f="10" l="253" c="49" d="348" a="0"/>
<U id="106" f="10" l="343" c="40" d="31" a="0"/>
<U id="107" f="14" l="543" c="11" d="48" a="0"/>
<U id="108" f="13" l="104" c="51" d="90" a="0"/>
<U id="109" f="10" l="286" c="9" d="35" a="1"/>
<U id="110" f="10" l="367" c="9" d="194" a="1"/>
<U id="111" f="11" l="26" c="113" d="274" a="0"/>
<U id="112" f="10" l="277" c="9" d="62" a="1"/>
<U id="113" f="10" l="302" c="34" d="46" a="0"/>
<U id="114" f="10" l="313" c="51" d="110" a="0"/>
<U id="115" f="10" l="358" c="9" d="33" a="1"/>
<U id="116" f="10" l="380" c="40" d="200" a="0"/>
<U id="117" f="11" l="27" c="149" d="274" a="0"/>
<U id="118" f="10" l="262" c="13" d="126" a="0"/>
<U id="119" f="10" l="281" c="49" d="80" a="0"/>
<U id="120" f="10" l="251" c="69" d="322" a="0"/>
<U id="121" f="10" l="259" c="9" d="50" a="1"/>
<U id="122" f="13" l="59" c="119" d="94" a="0"/>
<U id="123" f="10" l="383" c="11" d="348" a="0"/>
<U id="124" f="10" l="254" c="49" d="348" a="0"/>
<U id="125" f="11" l="27" c="113" d="274" a="0"/>
<U id="126" f="13" l="85" c="111" d="202" a="0"/>
<U id="127" f="10" l="303" c="43" d="173" a="0"/>
<U id="128" f="10" l="364" c="39" d="72" a="0"/>
<U id="129" f="14" l="535" c="11" d="65" a="0"/>
<U id="130" f="11" l="28" c="149" d="274" a="0"/>
<U id="131" f="10" l="262" c="50" d="200" a="0"/>
<U id="132" f="10" l="278" c="9" d="304" a="1"/>
<U id="133" f="10" l="359" c="9" d="224" a="1"/>
<U id="134" f="10" l="252" c="69" d="334" a="0"/>
<U id="135" f="10" l="270" c="51" d="200" a="0"/>
<U id="136" f="10" l="331" c="43" d="186" a="0"/>
<U id="137" f="11" l="28" c="113" d="254" a="0"/>
<U id="138" f="13" l="104" c="34" d="351" a="0"/>
<U id="139" f="10" l="255" c="49" d="348" a="0"/>
<U id="140" f="10" l="297" c="9" d="67" a="1"/>
<U id="141" f="11" l="29" c="149" d="274" a="0"/>
<U id="142" f="10" l="345" c="31" d="175" a="0"/>
<U id="143" f="10" l="353" c="50" d="16" a="0"/>
<U id="144" f="10" l="361" c="69" d="23" a="0"/>
<U id="145" f="14" l="527" c="11" d="60" a="0"/>
<U id="146" f="10" l="370" c="42" d="200" a="0"/>
<U id="147" f="10" l="373" c="40" d="200" a="0"/>
<U id="148" f="10" l="382" c="31" d="295" a="0"/>
<U id="149" f="13" l="63" c="114" d="151" a="0"/>
<U id="150" f="10" l="253" c="69" d="312" a="0"/>
<U id="151" f="11" l="29" c="113" d="254" a="0"/>
<U id="152" f="10" l="280" c="33" d="62" a="0"/>
<U id="153" f="10" l="256" c="49" d="348" a="0"/>
<U id="154" f="10" l="298" c="9" d="46" a="1"/>
<U id="155" f="10" l="334" c="51" d="173" a="0"/>
<U id="156" f="10" l="247" c="49" d="348" a="0"/>
<U id="157" f="10" l="308" c="41" d="7" a="0"/>
<U id="158" f="10" l="319" c="49" d="103" a="0"/>
<U id="159" f="10" l="307" c="51" d="26" a="0"/>
<U id="160" f="10" l="383" c="31" d="260" a="0"/>
<U id="161" f="14" l="519" c="11" d="77" a="0"/>
<U id="162" f="10" l="254" c="69" d="346" a="0"/>
<U id="163" f="10" l="303" c="72" d="113" a="1"/>
<U id="164" f="10" l="362" c="42" d="24" a="0"/>
<U id="165" f="10" l="302" c="91" d="46" a="0"/>
<U id="166" f="10" l="257" c="49" d="348" a="0"/>
<U id="167" f="10" l="338" c="49" d="36" a="0"/>
<U id="168" f="10" l="156" c="32" d="111" a="0"/>
<U id="169" f="10" l="248" c="49" d="348" a="0"/>
<U id="170" f="10" l="292" c="32" d="263" a="0"/>
<U id="171" f="11" l="26" c="134" d="274" a="0"/>
<U id="172" f="10" l="255" c="69" d="330" a="0"/>
<U id="173" f="10" l="325" c="52" d="15" a="0"/>
<U id="174" f="10" l="343" c="34" d="39" a="0"/>
<U id="175" f="10" l="323" c="17" d="15" a="1"/>
<U id="176" f="10" l="264" c="42" d="9" a="0"/>
<U id="177" f="10" l="249" c="49" d="348" a="0"/>
<U id="178" f="11" l="27" c="134" d="254" a="0"/>
<U id="179" f="10" l="270" c="17" d="80" a="1"/>
<U id="180" f="11" l="22" c="146" d="274" a="0"/>
<U id="181" f="10" l="292" c="42" d="25" a="0"/>
<U id="182" f="10" l="334" c="80" d="132" a="1"/>
<U id="183" f="10" l="376" c="40" d="200" a="0"/>
<U id="184" f="10" l="256" c="69" d="261" a="0"/>
<U id="185" f="10" l="247" c="69" d="321" a="0"/>
<U id="186" f="10" l="265" c="51" d="200" a="0"/>
<U id="187" f="10" l="274" c="42" d="121" a="0"/>
<U id="188" f="10" l="286" c="31" d="69" a="0"/>
<U id="189" f="10" l="342" c="81" d="35" a="0"/>
<U id="190" f="10" l="315" c="17" d="15" a="1"/>
<U id="191" f="10" l="340" c="46" d="23" a="0"/>
<U id="192" f="10" l="370" c="17" d="66" a="0"/>
<U id="193" f="11" l="28" c="134" d="254" a="0"/>
<U id="194" f="10" l="345" c="61" d="19" a="0"/>
<U id="195" f="11" l="23" c="146" d="274" a="0"/>
<U id="196" f="10" l="257" c="69" d="227" a="0"/>
<U id="197" f="10" l="275" c="51" d="200" a="0"/>
<U id="198" f="10" l="342" c="36" d="177" a="1"/>
<U id="199" f="10" l="156" c="52" d="55" a="0"/>
<U id="200" f="10" l="248" c="69" d="204" a="0"/>
<U id="201" f="10" l="380" c="17" d="82" a="1"/>
<U id="202" f="11" l="29" c="134" d="274" a="0"/>
<U id="203" f="13" l="103" c="38" d="351" a="0"/>
<U id="204" f="10" l="286" c="50" d="118" a="0"/>
<U id="205" f="10" l="371" c="17" d="64" a="0"/>
<U id="206" f="11" l="24" c="146" d="274" a="0"/>
<U id="207" f="10" l="332" c="46" d="42" a="0"/>
<U id="208" f="10" l="259" c="59" d="131" a="0"/>
<U id="209" f="10" l="308" c="62" d="81" a="0"/>
<U id="210" f="10" l="342" c="64" d="106" a="0"/>
<U id="211" f="10" l="156" c="80" d="127" a="0"/>
<U id="212" f="10" l="249" c="69" d="265" a="0"/>
<U id="213" f="10" l="374" c="52" d="200" a="0"/>
<U id="214" f="11" l="25" c="146" d="274" a="0"/>
<U id="215" f="10" l="293" c="43" d="173" a="0"/>
<U id="216" f="10" l="372" c="17" d="41" a="0"/>
<U id="217" f="10" l="290" c="36" d="35" a="0"/>
<U id="218" f="10" l="369" c="13" d="70" a="0"/>
<U id="219" f="10" l="278" c="41" d="62" a="0"/>
<U id="220" f="10" l="264" c="17" d="62" a="1"/>
<U id="221" f="10" l="309" c="44" d="72" a="0"/>
<U id="222" f="10" l="344" c="36" d="293" a="0"/>
<U id="223" f="10" l="367" c="42" d="59" a="0"/>
<U id="224" f="10" l="362" c="91" d="147" a="0"/>
<U id="225" f="10" l="302" c="58" d="112" a="0"/>
<U id="226" f="10" l="373" c="17" d="45" a="0"/>
<U id="227" f="10" l="363" c="45" d="24" a="0"/>
<U id="228" f="10" l="274" c="17" d="62" a="1"/>
<U id="229" f="10" l="265" c="17" d="80" a="1"/>
<U id="230" f="10" l="317" c="18" d="278" a="0"/>
<U id="231" f="10" l="339" c="43" d="23" a="0"/>
<U id="232" f="10" l="269" c="42" d="9" a="0"/>
<U id="233" f="10" l="319" c="17" d="15" a="1"/>
<U id="234" f="10" l="344" c="46" d="74" a="0"/>
<U id="235" f="10" l="374" c="17" d="80" a="0"/>
<U id="236" f="10" l="313" c="94" d="4" a="0"/>
<U id="237" f="10" l="275" c="17" d="80" a="1"/>
<U id="238" f="10" l="297" c="51" d="44" a="0"/>
<U id="239" f="10" l="358" c="43" d="291" a="0"/>
<U id="240" f="10" l="293" c="72" d="113" a="1"/>
<U id="241" f="10" l="382" c="73" d="82" a="0"/>
<U id="242" f="10" l="382" c="64" d="180" a="0"/>
<U id="243" f="10" l="284" c="36" d="25" a="0"/>
<U id="244" f="10" l="331" c="86" d="147" a="0"/>
<U id="245" f="10" l="383" c="73" d="194" a="0"/>
<U id="246" f="10" l="372" c="47" d="200" a="0"/>
<U id="247" f="10" l="376" c="17" d="82" a="1"/>
<U id="248" f="10" l="383" c="64" d="156" a="0"/>
<U id="249" f="10" l="362" c="75" d="147" a="0"/>
<U id="250" f="10" l="365" c="46" d="59" a="0"/>
<U id="251" f="10" l="267" c="18" d="126" a="0"/>
<U id="252" f="10" l="298" c="34" d="35" a="0"/>
<U id="253" f="10" l="343" c="67" d="50" a="0"/>
<U id="254" f="10" l="267" c="73" d="57" a="0"/>
<U id="255" f="10" l="269" c="17" d="62" a="1"/>
<U id="256" f="10" l="366" c="46" d="59" a="0"/>
<U id="257" f="10" l="267" c="55" d="200" a="0"/>
<U id="258" f="10" l="286" c="82" d="147" a="0"/>
<U id="259" f="10" l="262" c="95" d="200" a="0"/>
<U id="260" f="10" l="262" c="68" d="57" a="0"/>
<U id="261" f="10" l="285" c="65" d="25" a="0"/>
<U id="262" f="10" l="317" c="58" d="110" a="0"/>
<U id="263" f="10" l="298" c="54" d="67" a="0"/>
<U id="264" f="10" l="359" c="46" d="33" a="0"/>
<U id="265" f="10" l="364" c="67" d="24" a="0"/>
<U id="266" f="10" l="339" c="93" d="147" a="0"/>
<U id="267" f="10" l="277" c="38" d="62" a="0"/>
<U id="268" f="10" l="259" c="38" d="18" a="0"/>
<U id="269" f="10" l="369" c="37" d="200" a="0"/>
<U id="270" f="10" l="358" c="84" d="147" a="0"/>
<U id="271" f="10" l="367" c="75" d="134" a="0"/>
<U id="272" f="10" l="287" c="57" d="43" a="0"/>
<U id="273" f="10" l="308" c="97" d="81" a="0"/>
<U id="274" f="10" l="339" c="77" d="147" a="0"/>
<U id="275" f="10" l="288" c="94" d="43" a="0"/>
<U id="276" f="10" l="289" c="57" d="68" a="0"/>
<U id="277" f="10" l="288" c="58" d="122" a="0"/>
<U id="278" f="10" l="277" c="96" d="62" a="0"/>
<U id="279" f="10" l="251" c="99" d="180" a="0"/>
<U id="280" f="10" l="361" c="99" d="33" a="0"/>
<U id="281" f="10" l="253" c="99" d="156" a="0"/>
<U id="282" f="10" l="331" c="119" d="186" a="0"/>
<U id="283" f="10" l="313" c="119" d="115" a="0"/>
<U id="284" f="10" l="331" c="102" d="147" a="0"/>
<U id="285" f="10" l="350" c="120" d="128" a="1"/>
<U id="286" f="10" l="342" c="219" d="106" a="0"/>
<U id="287" f="10" l="247" c="109" d="156" a="0"/>
<U id="288" f="10" l="302" c="222" d="112" a="0"/>
<U id="289" f="10" l="305" c="112" d="113" a="1"/>
<U id="290" f="10" l="255" c="110" d="156" a="0"/>
<U id="291" f="10" l="252" c="103" d="180" a="0"/>
<U id="292" f="10" l="254" c="111" d="180" a="0"/>
<U id="293" f="10" l="304" c="104" d="108" a="1"/>
<U id="294" f="10" l="317" c="129" d="115" a="0"/>
<U id="295" f="10" l="317" c="102" d="4" a="0"/>
<U id="296" f="10" l="267" c="100" d="200" a="0"/>
<U id="297" f="10" l="250" c="105" d="156" a="0"/>
<U id="298" f="10" l="302" c="115" d="112" a="0"/>
<U id="299" f="10" l="367" c="109" d="134" a="0"/>
<U id="300" f="10" l="342" c="104" d="177" a="1"/>
<U id="301" f="10" l="248" c="110" d="156" a="0"/>
<U id="302" f="10" l="358" c="100" d="147" a="0"/>
<U id="303" f="10" l="327" c="499" d="15" a="0"/>
<U id="304" f="10" l="346" c="120" d="51" a="0"/>
<U id="305" f="10" l="306" c="104" d="19" a="0"/>
<U id="306" f="10" l="305" c="141" d="113" a="1"/>
<U id="307" f="10" l="339" c="110" d="23" a="0"/>
<U id="308" f="10" l="342" c="132" d="106" a="0"/>
<U id="309" f="10" l="347" c="120" d="113" a="1"/>
<U id="310" f="10" l="326" c="113" d="186" a="0"/>
<U id="311" f="13" l="100" c="118" d="94" a="0"/>
<U id="312" f="10" l="327" c="149" d="147" a="0"/>
<U id="313" f="10" l="362" c="141" d="147" a="0"/>
<U id="314" f="10" l="327" c="113" d="116" a="0"/>
<U id="315" f="10" l="302" c="280" d="112" a="0"/>
<U id="316" f="10" l="302" c="361" d="147" a="0"/>
<U id="317" f="10" l="349" c="120" d="124" a="1"/>
<U id="318" f="10" l="257" c="103" d="156" a="0"/>
<U id="319" f="10" l="331" c="162" d="147" a="0"/>
<U id="320" f="10" l="328" c="113" d="186" a="0"/>
<U id="321" f="10" l="354" c="105" d="291" a="0"/>
<U id="322" f="10" l="327" c="439" d="116" a="0"/>
<U id="323" f="10" l="156" c="105" d="147" a="0"/>
<U id="324" f="10" l="329" c="113" d="123" a="0"/>
<U id="325" f="10" l="355" c="105" d="120" a="0"/>
<U id="326" f="10" l="277" c="149" d="62" a="0"/>
<U id="327" f="10" l="356" c="105" d="291" a="0"/>
<U id="328" f="10" l="308" c="134" d="7" a="0"/>
<U id="329" f="10" l="351" c="163" d="124" a="1"/>
<U id="330" f="10" l="362" c="171" d="24" a="0"/>
<U id="331" f="10" l="357" c="105" d="117" a="0"/>
<U id="332" f="10" l="329" c="151" d="147" a="0"/>
<U id="333" f="10" l="331" c="192" d="186" a="0"/>
<U id="334" f="10" l="362" c="108" d="24" a="0"/>
<U id="335" f="10" l="339" c="160" d="147" a="0"/>
<U id="336" f="10" l="342" c="191" d="177" a="1"/>
<U id="337" f="10" l="329" c="440" d="123" a="0"/>
<U id="338" f="10" l="302" c="256" d="46" a="0"/>
<U id="339" f="10" l="336" c="144" d="132" a="1"/>
<U id="340" f="10" l="351" c="128" d="124" a="1"/>
<U id="341" f="10" l="249" c="106" d="180" a="0"/>
<U id="342" f="10" l="335" c="136" d="102" a="1"/>
<U id="343" f="10" l="308" c="226" d="7" a="0"/>
<U id="344" f="10" l="367" c="251" d="59" a="0"/>
<U id="345" f="10" l="256" c="108" d="180" a="0"/>
<U id="346" f="10" l="355" c="154" d="147" a="0"/>
<U id="347" f="10" l="336" c="191" d="132" a="1"/>
<U id="348" f="10" l="337" c="136" d="19" a="0"/>
<U id="349" f="10" l="367" c="180" d="134" a="0"/>
<U id="350" f="10" l="339" c="144" d="147" a="0"/>
<U id="351" f="10" l="295" c="144" d="113" a="1"/>
<U id="352" f="10" l="355" c="425" d="120" a="0"/>
<U id="353" f="10" l="342" c="148" d="177" a="1"/>
<U id="354" f="10" l="308" c="192" d="81" a="0"/>
<U id="355" f="10" l="294" c="136" d="104" a="1"/>
<U id="356" f="10" l="358" c="117" d="291" a="0"/>
<U id="357" f="10" l="302" c="196" d="46" a="0"/>
<U id="358" f="10" l="308" c="156" d="81" a="0"/>
<U id="359" f="10" l="342" c="176" d="111" a="0"/>
<U id="360" f="10" l="355" c="282" d="291" a="0"/>
<U id="361" f="10" l="362" c="157" d="147" a="0"/>
<U id="362" f="10" l="367" c="145" d="59" a="0"/>
<U id="363" f="10" l="367" c="217" d="134" a="0"/>
<U id="364" f="10" l="357" c="155" d="147" a="0"/>
<U id="365" f="10" l="296" c="136" d="19" a="0"/>
<U id="366" f="10" l="295" c="173" d="113" a="1"/>
<U id="367" f="10" l="331" c="178" d="147" a="0"/>
<U id="368" f="10" l="348" c="128" d="113" a="1"/>
<U id="369" f="10" l="339" c="174" d="23" a="0"/>
<U id="370" f="10" l="358" c="174" d="147" a="0"/>
<U id="371" f="10" l="357" c="427" d="117" a="0"/>
<U id="372" f="10" l="355" c="474" d="147" a="0"/>
<U id="373" f="10" l="348" c="157" d="113" a="1"/>
<U id="374" f="10" l="357" c="284" d="291" a="0"/>
<U id="375" f="10" l="327" c="475" d="147" a="0"/>
<U id="376" f="10" l="327" c="286" d="186" a="0"/>
<U id="377" f="10" l="358" c="158" d="147" a="0"/>
<U id="378" f="10" l="329" c="287" d="186" a="0"/>
<U id="379" f="10" l="357" c="477" d="147" a="0"/>
<U id="380" f="10" l="358" c="188" d="291" a="0"/>
<U id="381" f="10" l="355" c="497" d="16" a="0"/>
<U id="382" f="10" l="329" c="478" d="147" a="0"/>
<U id="383" f="10" l="329" c="498" d="15" a="0"/>
<U id="384" f="10" l="357" c="498" d="16" a="0"/>
<U id="385" f="8" l="41" c="4" d="231" a="0"/>
<U id="386" f="8" l="42" c="4" d="231" a="0"/>
<U id="387" f="1" l="50" c="8" d="129" a="0"/>
<U id="388" f="8" l="46" c="4" d="92" a="0"/>
<U id="389" f="8" l="47" c="4" d="231" a="0"/>
<U id="390" f="7" l="52" c="7" d="135" a="0"/>
<U id="391" f="8" l="32" c="8" d="231" a="0"/>
<U id="392" f="8" l="33" c="8" d="231" a="0"/>
<U id="393" f="8" l="24" c="8" d="231" a="0"/>
<U id="394" f="4" l="35" c="8" d="200" a="0"/>
<U id="395" f="8" l="34" c="8" d="231" a="0"/>
<U id="396" f="8" l="25" c="8" d="231" a="0"/>
<U id="397" f="4" l="54" c="8" d="254" a="0"/>
<U id="398" f="1" l="84" c="7" d="161" a="0"/>
<U id="399" f="4" l="64" c="8" d="225" a="0"/>
<U id="400" f="8" l="26" c="8" d="231" a="0"/>
<U id="401" f="4" l="74" c="8" d="274" a="0"/>
<U id="402" f="8" l="27" c="8" d="231" a="0"/>
<U id="403" f="4" l="84" c="8" d="236" a="0"/>
<U id="404" f="4" l="38" c="8" d="231" a="0"/>
<U id="405" f="8" l="28" c="8" d="231" a="0"/>
<U id="406" f="1" l="49" c="8" d="129" a="0"/>
<U id="407" f="4" l="49" c="8" d="246" a="0"/>
<U id="408" f="4" l="59" c="8" d="287" a="0"/>
<U id="409" f="4" l="69" c="8" d="225" a="0"/>
<U id="410" f="4" l="79" c="8" d="305" a="0"/>
<U id="411" f="4" l="89" c="8" d="236" a="0"/>
<U id="412" f="14" l="11384" c="9" d="100" a="0"/>
<U id="413" f="3" l="111" c="3" d="274" a="0"/>
<U id="414" f="3" l="112" c="3" d="274" a="0"/>
<U id="415" f="5" l="41" c="21" d="162" a="0"/>
<U id="416" f="3" l="113" c="3" d="236" a="0"/>
<U id="417" f="9" l="40" c="13" d="231" a="0"/>
<U id="418" f="3" l="114" c="3" d="236" a="0"/>
<U id="419" f="4" l="180" c="2" d="125" a="0"/>
<U id="420" f="9" l="50" c="13" d="274" a="0"/>
<U id="421" f="9" l="41" c="13" d="231" a="0"/>
<U id="422" f="13" l="82" c="1" d="231" a="0"/>
<U id="423" f="9" l="32" c="13" d="231" a="0"/>
<U id="424" f="3" l="115" c="3" d="236" a="0"/>
<U id="425" f="4" l="190" c="2" d="142" a="0"/>
<U id="426" f="9" l="51" c="13" d="274" a="0"/>
<U id="427" f="4" l="181" c="2" d="142" a="0"/>
<U id="428" f="9" l="42" c="13" d="231" a="0"/>
<U id="429" f="9" l="33" c="13" d="231" a="0"/>
<U id="430" f="4" l="163" c="2" d="147" a="0"/>
<U id="431" f="1" l="84" c="39" d="161" a="0"/>
<U id="432" f="3" l="116" c="3" d="236" a="0"/>
<U id="433" f="9" l="52" c="13" d="274" a="0"/>
<U id="434" f="4" l="191" c="2" d="125" a="0"/>
<U id="435" f="9" l="43" c="13" d="231" a="0"/>
<U id="436" f="12" l="38" c="1" d="231" a="0"/>
<U id="437" f="4" l="182" c="2" d="125" a="0"/>
<U id="438" f="9" l="34" c="13" d="231" a="0"/>
<U id="439" f="9" l="53" c="13" d="274" a="0"/>
<U id="440" f="9" l="44" c="13" d="231" a="0"/>
<U id="441" f="9" l="35" c="13" d="231" a="0"/>
<U id="442" f="11" l="31" c="7" d="274" a="0"/>
<U id="443" f="4" l="183" c="2" d="142" a="0"/>
<U id="444" f="11" l="22" c="7" d="254" a="0"/>
<U id="445" f="9" l="54" c="13" d="231" a="0"/>
<U id="446" f="9" l="45" c="13" d="231" a="0"/>
<U id="447" f="9" l="36" c="13" d="231" a="0"/>
<U id="448" f="11" l="41" c="7" d="274" a="0"/>
<U id="449" f="6" l="210" c="8" d="274" a="0"/>
<U id="450" f="13" l="63" c="4" d="344" a="0"/>
<U id="451" f="4" l="184" c="2" d="125" a="0"/>
<U id="452" f="8" l="35" c="14" d="94" a="0"/>
<U id="453" f="11" l="23" c="7" d="274" a="0"/>
<U id="454" f="9" l="46" c="13" d="200" a="0"/>
<U id="455" f="9" l="37" c="13" d="231" a="0"/>
<U id="456" f="11" l="33" c="7" d="274" a="0"/>
<U id="457" f="4" l="185" c="2" d="142" a="0"/>
<U id="458" f="9" l="47" c="13" d="274" a="0"/>
<U id="459" f="11" l="24" c="7" d="254" a="0"/>
<U id="460" f="9" l="38" c="13" d="231" a="0"/>
<U id="461" f="11" l="43" c="7" d="254" a="0"/>
<U id="462" f="9" l="48" c="13" d="274" a="0"/>
<U id="463" f="4" l="186" c="2" d="142" a="0"/>
<U id="464" f="9" l="39" c="13" d="231" a="0"/>
<U id="465" f="10" l="70" c="8" d="231" a="0"/>
<U id="466" f="11" l="25" c="7" d="274" a="0"/>
<U id="467" f="4" l="168" c="2" d="139" a="0"/>
<U id="468" f="6" l="150" c="8" d="274" a="0"/>
<U id="469" f="6" l="222" c="8" d="274" a="0"/>
<U id="470" f="9" l="49" c="13" d="274" a="0"/>
<U id="471" f="6" l="132" c="8" d="274" a="0"/>
<U id="472" f="6" l="421" c="8" d="254" a="0"/>
<U id="473" f="11" l="35" c="7" d="254" a="0"/>
<U id="474" f="13" l="66" c="4" d="344" a="0"/>
<U id="475" f="4" l="187" c="2" d="125" a="0"/>
<U id="476" f="6" l="204" c="8" d="274" a="0"/>
<U id="477" f="6" l="331" c="8" d="254" a="0"/>
<U id="478" f="10" l="71" c="8" d="231" a="0"/>
<U id="479" f="11" l="26" c="7" d="274" a="0"/>
<U id="480" f="13" l="98" c="1" d="231" a="0"/>
<U id="481" f="6" l="403" c="8" d="254" a="0"/>
<U id="482" f="6" l="313" c="8" d="254" a="0"/>
<U id="483" f="13" l="61" c="8" d="344" a="0"/>
<U id="484" f="13" l="85" c="4" d="299" a="0"/>
<U id="485" f="11" l="45" c="7" d="254" a="0"/>
<U id="486" f="4" l="188" c="2" d="142" a="0"/>
<U id="487" f="6" l="251" c="8" d="305" a="0"/>
<U id="488" f="6" l="621" c="8" d="274" a="0"/>
<U id="489" f="6" l="910" c="8" d="305" a="0"/>
<U id="490" f="11" l="27" c="7" d="254" a="0"/>
<U id="491" f="4" l="179" c="2" d="125" a="0"/>
<U id="492" f="6" l="820" c="8" d="305" a="0"/>
<U id="493" f="6" l="603" c="8" d="274" a="0"/>
<U id="494" f="6" l="721" c="8" d="254" a="0"/>
<U id="495" f="6" l="802" c="8" d="305" a="0"/>
<U id="496" f="3" l="107" c="8" d="236" a="0"/>
<U id="497" f="6" l="180" c="8" d="274" a="0"/>
<U id="498" f="11" l="37" c="7" d="254" a="0"/>
<U id="499" f="4" l="189" c="2" d="125" a="0"/>
<U id="500" f="6" l="703" c="8" d="254" a="0"/>
<U id="501" f="11" l="28" c="7" d="254" a="0"/>
<U id="502" f="6" l="162" c="8" d="274" a="0"/>
<U id="503" f="6" l="361" c="8" d="254" a="0"/>
<U id="504" f="6" l="144" c="8" d="274" a="0"/>
<U id="505" f="6" l="433" c="8" d="254" a="0"/>
<U id="506" f="6" l="216" c="8" d="274" a="0"/>
<U id="507" f="6" l="343" c="8" d="254" a="0"/>
<U id="508" f="6" l="415" c="8" d="254" a="0"/>
<U id="509" f="11" l="29" c="7" d="274" a="0"/>
<U id="510" f="6" l="325" c="8" d="254" a="0"/>
<U id="511" f="6" l="651" c="8" d="274" a="0"/>
<U id="512" f="6" l="940" c="8" d="305" a="0"/>
<U id="513" f="6" l="480" c="8" d="287" a="0"/>
<U id="514" f="6" l="850" c="8" d="305" a="0"/>
<U id="515" f="10" l="93" c="8" d="92" a="0"/>
<U id="516" f="6" l="633" c="8" d="274" a="0"/>
<U id="517" f="6" l="922" c="8" d="305" a="0"/>
<U id="518" f="11" l="39" c="7" d="274" a="0"/>
<U id="519" f="6" l="462" c="8" d="287" a="0"/>
<U id="520" f="6" l="751" c="8" d="254" a="0"/>
<U id="521" f="6" l="832" c="8" d="305" a="0"/>
<U id="522" f="6" l="245" c="8" d="305" a="0"/>
<U id="523" f="6" l="615" c="8" d="274" a="0"/>
<U id="524" f="6" l="904" c="8" d="305" a="0"/>
<U id="525" f="6" l="733" c="8" d="254" a="0"/>
<U id="526" f="6" l="814" c="8" d="305" a="0"/>
<U id="527" f="6" l="192" c="8" d="274" a="0"/>
<U id="528" f="6" l="391" c="8" d="254" a="0"/>
<U id="529" f="6" l="715" c="8" d="254" a="0"/>
<U id="530" f="6" l="174" c="8" d="274" a="0"/>
<U id="531" f="6" l="373" c="8" d="254" a="0"/>
<U id="532" f="6" l="156" c="8" d="274" a="0"/>
<U id="533" f="6" l="445" c="8" d="254" a="0"/>
<U id="534" f="6" l="228" c="8" d="274" a="0"/>
<U id="535" f="6" l="355" c="8" d="254" a="0"/>
<U id="536" f="6" l="138" c="8" d="274" a="0"/>
<U id="537" f="6" l="427" c="8" d="254" a="0"/>
<U id="538" f="6" l="681" c="8" d="274" a="0"/>
<U id="539" f="6" l="970" c="8" d="305" a="0"/>
<U id="540" f="6" l="337" c="8" d="254" a="0"/>
<U id="541" f="6" l="591" c="8" d="274" a="0"/>
<U id="542" f="6" l="880" c="8" d="305" a="0"/>
<U id="543" f="6" l="409" c="8" d="254" a="0"/>
<U id="544" f="6" l="663" c="8" d="274" a="0"/>
<U id="545" f="6" l="952" c="8" d="305" a="0"/>
<U id="546" f="10" l="68" c="8" d="231" a="0"/>
<U id="547" f="6" l="319" c="8" d="254" a="0"/>
<U id="548" f="6" l="492" c="8" d="287" a="0"/>
<U id="549" f="6" l="781" c="8" d="254" a="0"/>
<U id="550" f="6" l="862" c="8" d="305" a="0"/>
<U id="551" f="6" l="645" c="8" d="274" a="0"/>
<U id="552" f="6" l="934" c="8" d="305" a="0"/>
<U id="553" f="6" l="474" c="8" d="287" a="0"/>
<U id="554" f="6" l="763" c="8" d="254" a="0"/>
<U id="555" f="6" l="844" c="8" d="305" a="0"/>
<U id="556" f="6" l="257" c="8" d="305" a="0"/>
<U id="557" f="6" l="627" c="8" d="274" a="0"/>
<U id="558" f="6" l="916" c="8" d="305" a="0"/>
<U id="559" f="6" l="456" c="8" d="287" a="0"/>
<U id="560" f="6" l="745" c="8" d="254" a="0"/>
<U id="561" f="6" l="826" c="8" d="305" a="0"/>
<U id="562" f="10" l="69" c="8" d="231" a="0"/>
<U id="563" f="6" l="239" c="8" d="305" a="0"/>
<U id="564" f="6" l="609" c="8" d="274" a="0"/>
<U id="565" f="6" l="727" c="8" d="254" a="0"/>
<U id="566" f="6" l="808" c="8" d="305" a="0"/>
<U id="567" f="6" l="186" c="8" d="274" a="0"/>
<U id="568" f="6" l="385" c="8" d="254" a="0"/>
<U id="569" f="6" l="709" c="8" d="254" a="0"/>
<U id="570" f="6" l="168" c="8" d="274" a="0"/>
<U id="571" f="6" l="367" c="8" d="254" a="0"/>
<U id="572" f="6" l="439" c="8" d="254" a="0"/>
<U id="573" f="6" l="982" c="8" d="305" a="0"/>
<U id="574" f="6" l="349" c="8" d="254" a="0"/>
<U id="575" f="6" l="892" c="8" d="305" a="0"/>
<U id="576" f="6" l="675" c="8" d="274" a="0"/>
<U id="577" f="6" l="964" c="8" d="305" a="0"/>
<U id="578" f="6" l="874" c="8" d="305" a="0"/>
<U id="579" f="6" l="657" c="8" d="274" a="0"/>
<U id="580" f="6" l="946" c="8" d="305" a="0"/>
<U id="581" f="6" l="486" c="8" d="287" a="0"/>
<U id="582" f="6" l="775" c="8" d="254" a="0"/>
<U id="583" f="6" l="856" c="8" d="305" a="0"/>
<U id="584" f="6" l="639" c="8" d="274" a="0"/>
<U id="585" f="6" l="928" c="8" d="305" a="0"/>
<U id="586" f="6" l="468" c="8" d="287" a="0"/>
<U id="587" f="6" l="757" c="8" d="254" a="0"/>
<U id="588" f="6" l="838" c="8" d="305" a="0"/>
<U id="589" f="6" l="739" c="8" d="254" a="0"/>
<U id="590" f="6" l="198" c="8" d="274" a="0"/>
<U id="591" f="6" l="397" c="8" d="254" a="0"/>
<U id="592" f="6" l="379" c="8" d="254" a="0"/>
<U id="593" f="6" l="687" c="8" d="274" a="0"/>
<U id="594" f="6" l="976" c="8" d="305" a="0"/>
<U id="595" f="6" l="597" c="8" d="274" a="0"/>
<U id="596" f="6" l="886" c="8" d="305" a="0"/>
<U id="597" f="6" l="669" c="8" d="274" a="0"/>
<U id="598" f="6" l="796" c="8" d="305" a="0"/>
<U id="599" f="6" l="958" c="8" d="305" a="0"/>
<U id="600" f="6" l="787" c="8" d="254" a="0"/>
<U id="601" f="6" l="868" c="8" d="305" a="0"/>
<U id="602" f="6" l="697" c="8" d="254" a="0"/>
<U id="603" f="6" l="769" c="8" d="254" a="0"/>
<U id="604" f="6" l="988" c="8" d="305" a="0"/>
<U id="605" f="6" l="898" c="8" d="305" a="0"/>
<U id="606" f="6" l="999" c="8" d="287" a="0"/>
<U id="607" f="11" l="31" c="49" d="274" a="0"/>
<U id="608" f="11" l="33" c="49" d="254" a="0"/>
<U id="609" f="12" l="42" c="13" d="298" a="0"/>
<U id="610" f="12" l="38" c="19" d="231" a="0"/>
<U id="611" f="13" l="61" c="40" d="83" a="0"/>
<U id="612" f="13" l="64" c="29" d="344" a="0"/>
<U id="613" f="13" l="104" c="4" d="157" a="0"/>
<U id="614" f="11" l="35" c="49" d="254" a="0"/>
<U id="615" f="11" l="41" c="42" d="254" a="0"/>
<U id="616" f="13" l="63" c="21" d="144" a="0"/>
<U id="617" f="13" l="33" c="50" d="94" a="0"/>
<U id="618" f="13" l="31" c="24" d="231" a="0"/>
<U id="619" f="12" l="40" c="89" d="231" a="0"/>
<U id="620" f="11" l="37" c="49" d="274" a="0"/>
<U id="621" f="11" l="43" c="42" d="254" a="0"/>
<U id="622" f="11" l="22" c="44" d="274" a="0"/>
<U id="623" f="6" l="1101" c="8" d="287" a="0"/>
<U id="624" f="13" l="66" c="21" d="149" a="0"/>
<U id="625" f="6" l="1011" c="8" d="287" a="0"/>
<U id="626" f="11" l="22" c="90" d="274" a="0"/>
<U id="627" f="11" l="23" c="44" d="274" a="0"/>
<U id="628" f="13" l="85" c="21" d="152" a="0"/>
<U id="629" f="13" l="67" c="30" d="344" a="0"/>
<U id="630" f="13" l="87" c="29" d="152" a="0"/>
<U id="631" f="11" l="45" c="42" d="274" a="0"/>
<U id="632" f="11" l="23" c="90" d="274" a="0"/>
<U id="633" f="13" l="32" c="44" d="93" a="0"/>
<U id="634" f="13" l="61" c="25" d="130" a="0"/>
<U id="635" f="11" l="24" c="44" d="274" a="0"/>
<U id="636" f="13" l="103" c="8" d="169" a="0"/>
<U id="637" f="13" l="57" c="22" d="231" a="0"/>
<U id="638" f="13" l="64" c="60" d="344" a="0"/>
<U id="639" f="11" l="24" c="90" d="274" a="0"/>
<U id="640" f="11" l="31" c="64" d="274" a="0"/>
<U id="641" f="11" l="22" c="55" d="274" a="0"/>
<U id="642" f="11" l="25" c="44" d="274" a="0"/>
<U id="643" f="10" l="156" c="4" d="177" a="1"/>
<U id="644" f="13" l="87" c="12" d="299" a="0"/>
<U id="645" f="6" l="1131" c="8" d="287" a="0"/>
<U id="646" f="6" l="1041" c="8" d="287" a="0"/>
<U id="647" f="4" l="198" c="20" d="162" a="0"/>
<U id="648" f="11" l="25" c="90" d="274" a="0"/>
<U id="649" f="6" l="1113" c="8" d="287" a="0"/>
<U id="650" f="12" l="42" c="36" d="329" a="0"/>
<U id="651" f="6" l="1023" c="8" d="287" a="0"/>
<U id="652" f="11" l="23" c="55" d="274" a="0"/>
<U id="653" f="10" l="72" c="17" d="231" a="0"/>
<U id="654" f="11" l="40" c="56" d="274" a="0"/>
<U id="655" f="6" l="1005" c="8" d="287" a="0"/>
<U id="656" f="13" l="82" c="25" d="231" a="0"/>
<U id="657" f="11" l="33" c="64" d="274" a="0"/>
<U id="658" f="11" l="39" c="42" d="274" a="0"/>
<U id="659" f="12" l="42" c="73" d="329" a="0"/>
<U id="660" f="13" l="63" c="53" d="149" a="0"/>
<U id="661" f="11" l="24" c="55" d="254" a="0"/>
<U id="662" f="10" l="73" c="17" d="231" a="0"/>
<U id="663" f="11" l="41" c="56" d="274" a="0"/>
<U id="664" f="11" l="32" c="56" d="274" a="0"/>
<U id="665" f="10" l="247" c="5" d="64" a="1"/>
<U id="666" f="11" l="22" c="75" d="274" a="0"/>
<U id="667" f="11" l="25" c="55" d="254" a="0"/>
<U id="668" f="11" l="40" c="48" d="274" a="0"/>
<U id="669" f="10" l="74" c="17" d="231" a="0"/>
<U id="670" f="11" l="42" c="56" d="254" a="0"/>
<U id="671" f="6" l="1161" c="8" d="287" a="0"/>
<U id="672" f="6" l="1071" c="8" d="287" a="0"/>
<U id="673" f="11" l="35" c="64" d="254" a="0"/>
<U id="674" f="6" l="1143" c="8" d="287" a="0"/>
<U id="675" f="11" l="23" c="75" d="274" a="0"/>
<U id="676" f="13" l="63" c="36" d="344" a="0"/>
<U id="677" f="13" l="85" c="52" d="144" a="0"/>
<U id="678" f="6" l="1053" c="8" d="287" a="0"/>
<U id="679" f="13" l="67" c="61" d="344" a="0"/>
<U id="680" f="6" l="1125" c="8" d="287" a="0"/>
<U id="681" f="10" l="75" c="17" d="231" a="0"/>
<U id="682" f="11" l="26" c="46" d="274" a="0"/>
<U id="683" f="11" l="32" c="48" d="274" a="0"/>
<U id="684" f="11" l="43" c="56" d="254" a="0"/>
<U id="685" f="12" l="39" c="89" d="231" a="0"/>
<U id="686" f="13" l="66" c="80" d="185" a="0"/>
<U id="687" f="6" l="1035" c="8" d="287" a="0"/>
<U id="688" f="11" l="34" c="56" d="254" a="0"/>
<U id="689" f="6" l="1107" c="8" d="287" a="0"/>
<U id="690" f="6" l="1017" c="8" d="287" a="0"/>
<U id="691" f="11" l="24" c="75" d="274" a="0"/>
<U id="692" f="11" l="26" c="92" d="274" a="0"/>
<U id="693" f="13" l="66" c="53" d="130" a="0"/>
<U id="694" f="11" l="42" c="48" d="274" a="0"/>
<U id="695" f="11" l="27" c="46" d="274" a="0"/>
<U id="696" f="11" l="44" c="56" d="254" a="0"/>
<U id="697" f="12" l="42" c="57" d="353" a="0"/>
<U id="698" f="13" l="64" c="91" d="141" a="0"/>
<U id="699" f="11" l="37" c="64" d="254" a="0"/>
<U id="700" f="11" l="25" c="75" d="274" a="0"/>
<U id="701" f="11" l="27" c="92" d="274" a="0"/>
<U id="702" f="13" l="85" c="35" d="299" a="0"/>
<U id="703" f="10" l="86" c="17" d="200" a="0"/>
<U id="704" f="13" l="63" c="83" d="344" a="0"/>
<U id="705" f="10" l="77" c="17" d="231" a="0"/>
<U id="706" f="11" l="28" c="46" d="274" a="0"/>
<U id="707" f="11" l="34" c="48" d="274" a="0"/>
<U id="708" f="11" l="45" c="56" d="254" a="0"/>
<U id="709" f="13" l="64" c="46" d="152" a="0"/>
<U id="710" f="11" l="36" c="56" d="254" a="0"/>
<U id="711" f="6" l="1173" c="8" d="287" a="0"/>
<U id="712" f="10" l="76" c="18" d="231" a="0"/>
<U id="713" f="11" l="28" c="92" d="274" a="0"/>
<U id="714" f="13" l="66" c="36" d="344" a="0"/>
<U id="715" f="6" l="1083" c="8" d="287" a="0"/>
<U id="716" f="11" l="44" c="48" d="274" a="0"/>
<U id="717" f="6" l="1155" c="8" d="287" a="0"/>
<U id="718" f="10" l="78" c="17" d="231" a="0"/>
<U id="719" f="11" l="26" c="57" d="274" a="0"/>
<U id="720" f="11" l="29" c="46" d="274" a="0"/>
<U id="721" f="11" l="46" c="56" d="274" a="0"/>
<U id="722" f="6" l="1065" c="8" d="287" a="0"/>
<U id="723" f="6" l="1137" c="8" d="287" a="0"/>
<U id="724" f="6" l="1047" c="8" d="287" a="0"/>
<U id="725" f="11" l="29" c="92" d="274" a="0"/>
<U id="726" f="6" l="1119" c="8" d="287" a="0"/>
<U id="727" f="6" l="1029" c="8" d="287" a="0"/>
<U id="728" f="10" l="79" c="17" d="231" a="0"/>
<U id="729" f="11" l="27" c="57" d="274" a="0"/>
<U id="730" f="11" l="36" c="48" d="274" a="0"/>
<U id="731" f="13" l="83" c="56" d="93" a="0"/>
<U id="732" f="11" l="38" c="56" d="274" a="0"/>
<U id="733" f="11" l="46" c="48" d="274" a="0"/>
<U id="734" f="11" l="28" c="57" d="254" a="0"/>
<U id="735" f="11" l="39" c="56" d="274" a="0"/>
<U id="736" f="13" l="67" c="92" d="143" a="0"/>
<U id="737" f="11" l="26" c="77" d="274" a="0"/>
<U id="738" f="6" l="1185" c="8" d="287" a="0"/>
<U id="739" f="11" l="29" c="57" d="254" a="0"/>
<U id="740" f="11" l="38" c="48" d="274" a="0"/>
<U id="741" f="6" l="1095" c="8" d="287" a="0"/>
<U id="742" f="6" l="1167" c="8" d="287" a="0"/>
<U id="743" f="6" l="1077" c="8" d="287" a="0"/>
<U id="744" f="13" l="67" c="47" d="152" a="0"/>
<U id="745" f="6" l="1149" c="8" d="287" a="0"/>
<U id="746" f="11" l="27" c="77" d="274" a="0"/>
<U id="747" f="6" l="1059" c="8" d="287" a="0"/>
<U id="748" f="13" l="63" c="68" d="185" a="0"/>
<U id="749" f="13" l="85" c="84" d="130" a="0"/>
<U id="750" f="13" l="98" c="27" d="231" a="0"/>
<U id="751" f="11" l="28" c="77" d="274" a="0"/>
<U id="752" f="13" l="64" c="77" d="130" a="0"/>
<U id="753" f="13" l="58" c="57" d="93" a="0"/>
<U id="754" f="13" l="66" c="67" d="158" a="0"/>
<U id="755" f="11" l="29" c="77" d="274" a="0"/>
<U id="756" f="13" l="85" c="67" d="299" a="0"/>
<U id="757" f="6" l="1179" c="8" d="287" a="0"/>
<U id="758" f="6" l="1089" c="8" d="287" a="0"/>
<U id="759" f="13" l="99" c="56" d="93" a="0"/>
<U id="760" f="13" l="67" c="78" d="130" a="0"/>
<U id="761" f="13" l="85" c="98" d="148" a="0"/>
</Uses>
<Blocks>
<B id="1" t="routine" f="10" l="150" c="5">
<BEGIN l="151" c="0"/>
<END l="161" c="0"/>
</B>
<B id="2" t="else" f="10" l="378" c="9">
<BEGIN l="379" c="9"/>
<END l="381" c="9"/>
</B>
<B id="3" t="if" f="10" l="369" c="9">
<BEGIN l="375" c="9"/>
<END l="377" c="9"/>
<ELSE d="2"/>
</B>
<B id="4" t="else" f="10" l="367" c="143">
<BEGIN l="367" c="143"/>
<END l="367" c="278"/>
</B>
<B id="5" t="if" f="10" l="367" c="106">
<BEGIN l="367" c="109"/>
<END l="367" c="136"/>
<ELSE d="4"/>
</B>
<B id="6" t="else" f="10" l="362" c="106">
<BEGIN l="362" c="106"/>
<END l="362" c="197"/>
</B>
<B id="7" t="if" f="10" l="362" c="87">
<BEGIN l="362" c="91"/>
<END l="362" c="98"/>
<ELSE d="6"/>
</B>
<B id="8" t="else" f="10" l="358" c="115">
<BEGIN l="358" c="115"/>
<END l="358" c="222"/>
</B>
<B id="9" t="if" f="10" l="358" c="96">
<BEGIN l="358" c="100"/>
<END l="358" c="107"/>
<ELSE d="8"/>
</B>
<B id="10" t="else" f="10" l="355" c="495">
<BEGIN l="355" c="495"/>
<END l="357" c="515"/>
</B>
<B id="11" t="if" f="10" l="355" c="172">
<BEGIN l="355" c="282"/>
<END l="355" c="487"/>
<ELSE d="10"/>
</B>
<B id="12" t="else" f="10" l="339" c="108">
<BEGIN l="339" c="108"/>
<END l="339" c="201"/>
</B>
<B id="13" t="if" f="10" l="339" c="89">
<BEGIN l="339" c="93"/>
<END l="339" c="100"/>
<ELSE d="12"/>
</B>
<B id="14" t="else" f="10" l="331" c="117">
<BEGIN l="331" c="117"/>
<END l="331" c="228"/>
</B>
<B id="15" t="if" f="10" l="331" c="98">
<BEGIN l="331" c="102"/>
<END l="331" c="109"/>
<ELSE d="14"/>
</B>
<B id="16" t="else" f="10" l="327" c="497">
<BEGIN l="327" c="497"/>
<END l="329" c="527"/>
</B>
<B id="17" t="if" f="10" l="327" c="168">
<BEGIN l="327" c="286"/>
<END l="327" c="489"/>
<ELSE d="16"/>
</B>
<B id="18" t="else" f="10" l="321" c="9">
<BEGIN l="322" c="9"/>
<END l="324" c="9"/>
</B>
<B id="19" t="if" f="10" l="317" c="14">
<BEGIN l="318" c="9"/>
<END l="320" c="9"/>
<ELSE d="18"/>
</B>
<B id="20" t="else" f="10" l="317" c="9">
<BEGIN l="317" c="14"/>
<END l="324" c="9"/>
<SUB d="19"/>
</B>
<B id="21" t="if" f="10" l="313" c="9">
<BEGIN l="314" c="9"/>
<END l="316" c="9"/>
<ELSE d="20"/>
</B>
<B id="22" t="else" f="10" l="308" c="132">
<BEGIN l="308" c="132"/>
<END l="308" c="241"/>
</B>
<B id="23" t="if" f="10" l="308" c="94">
<BEGIN l="308" c="97"/>
<END l="308" c="125"/>
<ELSE d="22"/>
</B>
<B id="24" t="else" f="10" l="302" c="195">
<BEGIN l="302" c="195"/>
<END l="302" c="368"/>
</B>
<B id="25" t="if" f="10" l="302" c="88">
<BEGIN l="302" c="91"/>
<END l="302" c="142"/>
<ELSE d="24"/>
</B>
<B id="26" t="else" f="10" l="277" c="94">
<BEGIN l="277" c="94"/>
<END l="277" c="171"/>
</B>
<B id="27" t="if" f="10" l="277" c="77">
<BEGIN l="277" c="80"/>
<END l="277" c="87"/>
<ELSE d="26"/>
</B>
<B id="28" t="else" f="10" l="272" c="9">
<BEGIN l="273" c="9"/>
<END l="276" c="9"/>
</B>
<B id="29" t="if" f="10" l="267" c="14">
<BEGIN l="268" c="9"/>
<END l="271" c="9"/>
<ELSE d="28"/>
</B>
<B id="30" t="else" f="10" l="267" c="9">
<BEGIN l="267" c="14"/>
<END l="276" c="9"/>
<SUB d="29"/>
</B>
<B id="31" t="if" f="10" l="262" c="9">
<BEGIN l="263" c="9"/>
<END l="266" c="9"/>
<ELSE d="30"/>
</B>
<B id="32" t="routine" f="10" l="201" c="5">
<BEGIN l="202" c="0"/>
<END l="387" c="0"/>
<SUB d="3"/>
<SUB d="5"/>
<SUB d="7"/>
<SUB d="9"/>
<SUB d="11"/>
<SUB d="13"/>
<SUB d="15"/>
<SUB d="17"/>
<SUB d="21"/>
<SUB d="23"/>
<SUB d="25"/>
<SUB d="27"/>
<SUB d="31"/>
</B>
<B id="33" t="ppcif" f="15" l="15" c="0">
<BEGIN l="15" c="27"/>
<END l="330" c="0"/>
</B>
<B id="34" t="ppcif" f="15" l="25" c="0">
<BEGIN l="25" c="19"/>
<END l="155" c="0"/>
</B>
<B id="35" t="ppcrmif" f="15" l="46" c="0">
<BEGIN l="46" c="93"/>
<END l="91" c="0"/>
</B>
<B id="36" t="ppcrmif" f="15" l="94" c="0">
<BEGIN l="94" c="91"/>
<END l="153" c="0"/>
</B>
<B id="37" t="ppcrmelse" f="15" l="155" c="0">
<BEGIN l="155" c="35"/>
<END l="328" c="0"/>
</B>
<B id="38" t="ppcif" f="16" l="11" c="0">
<BEGIN l="11" c="27"/>
<END l="36" c="0"/>
</B>
<B id="39" t="ppcrmif" f="16" l="14" c="0">
<BEGIN l="14" c="19"/>
<END l="29" c="0"/>
</B>
<B id="40" t="ppcelse" f="16" l="29" c="0">
<BEGIN l="29" c="5"/>
<END l="33" c="0"/>
</B>
<B id="41" t="ppcif" f="1" l="22" c="0">
<BEGIN l="22" c="17"/>
<END l="109" c="0"/>
</B>
<B id="42" t="ppcrmif" f="1" l="39" c="0">
<BEGIN l="39" c="66"/>
<END l="43" c="0"/>
</B>
<B id="43" t="ppcelse" f="1" l="43" c="0">
<BEGIN l="43" c="60"/>
<END l="47" c="0"/>
</B>
<B id="44" t="ppcrmif" f="1" l="52" c="0">
<BEGIN l="52" c="18"/>
<END l="58" c="0"/>
</B>
<B id="45" t="ppcrmif" f="1" l="62" c="0">
<BEGIN l="62" c="33"/>
<END l="80" c="0"/>
</B>
<B id="46" t="ppcelse" f="1" l="80" c="0">
<BEGIN l="80" c="31"/>
<END l="93" c="0"/>
</B>
<B id="47" t="ppcrmif" f="1" l="96" c="0">
<BEGIN l="96" c="14"/>
<END l="106" c="0"/>
</B>
<B id="48" t="ppcif" f="17" l="3" c="0">
<BEGIN l="3" c="29"/>
<END l="348" c="0"/>
</B>
<B id="49" t="ppcif" f="17" l="61" c="0">
<BEGIN l="63" c="27"/>
<END l="66" c="0"/>
</B>
<B id="50" t="ppcrmif" f="17" l="165" c="0">
<BEGIN l="165" c="17"/>
<END l="206" c="0"/>
</B>
<B id="51" t="ppcrmif" f="17" l="209" c="0">
<BEGIN l="209" c="37"/>
<END l="211" c="0"/>
</B>
<B id="52" t="ppcrmif" f="17" l="213" c="0">
<BEGIN l="213" c="44"/>
<END l="321" c="0"/>
</B>
<B id="53" t="ppcif" f="17" l="323" c="0">
<BEGIN l="323" c="18"/>
<END l="346" c="0"/>
</B>
<B id="54" t="ppcrmif" f="17" l="326" c="0">
<BEGIN l="326" c="18"/>
<END l="328" c="0"/>
</B>
<B id="55" t="ppcrmif" f="17" l="329" c="0">
<BEGIN l="329" c="63"/>
<END l="331" c="0"/>
</B>
<B id="56" t="ppcrmif" f="17" l="332" c="0">
<BEGIN l="332" c="64"/>
<END l="334" c="0"/>
</B>
<B id="57" t="ppcrmif" f="17" l="335" c="0">
<BEGIN l="335" c="16"/>
<END l="340" c="0"/>
</B>
<B id="58" t="ppcif" f="17" l="343" c="0">
<BEGIN l="343" c="57"/>
<END l="345" c="0"/>
</B>
<B id="59" t="ppcif" f="5" l="24" c="0">
<BEGIN l="24" c="24"/>
<END l="199" c="0"/>
</B>
<B id="60" t="ppcrmif" f="5" l="27" c="0">
<BEGIN l="27" c="35"/>
<END l="29" c="0"/>
</B>
<B id="61" t="ppcrmif" f="5" l="32" c="0">
<BEGIN l="32" c="19"/>
<END l="35" c="0"/>
</B>
<B id="62" t="ppcrmif" f="5" l="183" c="0">
<BEGIN l="183" c="19"/>
<END l="185" c="0"/>
</B>
<B id="63" t="ppcif" f="5" l="188" c="0">
<BEGIN l="188" c="26"/>
<END l="196" c="0"/>
</B>
<B id="64" t="ppcif" f="5" l="189" c="0">
<BEGIN l="189" c="25"/>
<END l="193" c="0"/>
</B>
<B id="65" t="ppcrmif" f="5" l="190" c="0">
<BEGIN l="190" c="37"/>
<END l="192" c="0"/>
</B>
<B id="66" t="ppcrmelse" f="5" l="193" c="0">
<BEGIN l="193" c="7"/>
<END l="195" c="0"/>
</B>
<B id="67" t="type" f="4" l="162" c="0">
<BEGIN l="162" c="0"/>
<END l="164" c="0"/>
</B>
<B id="68" t="type" f="4" l="167" c="0">
<BEGIN l="167" c="0"/>
<END l="169" c="0"/>
</B>
<B id="69" t="type" f="4" l="176" c="7">
<BEGIN l="176" c="23"/>
<END l="193" c="0"/>
</B>
<B id="70" t="ppcif" f="4" l="24" c="0">
<BEGIN l="24" c="19"/>
<END l="215" c="0"/>
</B>
<B id="71" t="ppcif" f="4" l="43" c="0">
<BEGIN l="43" c="38"/>
<END l="93" c="0"/>
</B>
<B id="72" t="ppcrmif" f="4" l="100" c="0">
<BEGIN l="100" c="69"/>
<END l="104" c="0"/>
</B>
<B id="73" t="ppcelse" f="4" l="104" c="0">
<BEGIN l="104" c="6"/>
<END l="107" c="0"/>
</B>
<B id="74" t="ppcrmif" f="4" l="109" c="0">
<BEGIN l="109" c="65"/>
<END l="113" c="0"/>
</B>
<B id="75" t="ppcelse" f="4" l="113" c="0">
<BEGIN l="113" c="6"/>
<END l="116" c="0"/>
</B>
<B id="76" t="ppcrmif" f="4" l="118" c="0">
<BEGIN l="118" c="65"/>
<END l="122" c="0"/>
</B>
<B id="77" t="ppcelse" f="4" l="122" c="0">
<BEGIN l="122" c="6"/>
<END l="125" c="0"/>
</B>
<B id="78" t="ppcrmif" f="4" l="127" c="0">
<BEGIN l="127" c="75"/>
<END l="131" c="0"/>
</B>
<B id="79" t="ppcelse" f="4" l="131" c="0">
<BEGIN l="131" c="6"/>
<END l="134" c="0"/>
</B>
<B id="80" t="ppcrmif" f="4" l="136" c="0">
<BEGIN l="136" c="85"/>
<END l="140" c="0"/>
</B>
<B id="81" t="ppcelse" f="4" l="140" c="0">
<BEGIN l="140" c="6"/>
<END l="143" c="0"/>
</B>
<B id="82" t="ppcrmif" f="4" l="145" c="0">
<BEGIN l="145" c="67"/>
<END l="149" c="0"/>
</B>
<B id="83" t="ppcelse" f="4" l="149" c="0">
<BEGIN l="149" c="6"/>
<END l="152" c="0"/>
</B>
<B id="84" t="ppcif" f="4" l="204" c="0">
<BEGIN l="204" c="26"/>
<END l="212" c="0"/>
</B>
<B id="85" t="ppcif" f="4" l="205" c="0">
<BEGIN l="205" c="25"/>
<END l="209" c="0"/>
</B>
<B id="86" t="ppcrmif" f="4" l="206" c="0">
<BEGIN l="206" c="37"/>
<END l="208" c="0"/>
</B>
<B id="87" t="ppcrmelse" f="4" l="209" c="0">
<BEGIN l="209" c="7"/>
<END l="211" c="0"/>
</B>
<B id="88" t="ppcif" f="18" l="25" c="0">
<BEGIN l="25" c="14"/>
<END l="81" c="0"/>
</B>
<B id="89" t="ppcrmif" f="18" l="41" c="0">
<BEGIN l="41" c="44"/>
<END l="43" c="0"/>
</B>
<B id="90" t="ppcrmif" f="18" l="45" c="0">
<BEGIN l="45" c="46"/>
<END l="47" c="0"/>
</B>
<B id="91" t="ppcif" f="18" l="70" c="0">
<BEGIN l="70" c="26"/>
<END l="78" c="0"/>
</B>
<B id="92" t="ppcrmif" f="18" l="71" c="0">
<BEGIN l="71" c="25"/>
<END l="75" c="0"/>
</B>
<B id="93" t="ppcelse" f="18" l="75" c="0">
<BEGIN l="75" c="7"/>
<END l="77" c="0"/>
</B>
<B id="94" t="type" f="3" l="110" c="0">
<BEGIN l="110" c="0"/>
<END l="117" c="0"/>
</B>
<B id="95" t="ppcif" f="3" l="49" c="0">
<BEGIN l="49" c="19"/>
<END l="130" c="0"/>
</B>
<B id="96" t="ppcif" f="3" l="97" c="0">
<BEGIN l="97" c="26"/>
<END l="101" c="0"/>
</B>
<B id="97" t="ppcif" f="2" l="46" c="0">
<BEGIN l="46" c="24"/>
<END l="145" c="0"/>
</B>
<B id="98" t="ppcif" f="2" l="88" c="0">
<BEGIN l="88" c="12"/>
<END l="90" c="0"/>
</B>
<B id="99" t="ppcif" f="2" l="92" c="0">
<BEGIN l="92" c="13"/>
<END l="94" c="0"/>
</B>
<B id="100" t="ppcif" f="19" l="47" c="0">
<BEGIN l="47" c="18"/>
<END l="171" c="0"/>
</B>
<B id="101" t="ppcif" f="19" l="90" c="0">
<BEGIN l="90" c="16"/>
<END l="92" c="0"/>
</B>
<B id="102" t="ppcif" f="20" l="18" c="0">
<BEGIN l="18" c="22"/>
<END l="23" c="0"/>
</B>
<B id="103" t="ppcif" f="21" l="18" c="0">
<BEGIN l="18" c="16"/>
<END l="21" c="0"/>
</B>
<B id="104" t="ppcif" f="9" l="19" c="0">
<BEGIN l="19" c="22"/>
<END l="55" c="0"/>
</B>
<B id="105" t="ppcif" f="22" l="18" c="0">
<BEGIN l="18" c="17"/>
<END l="167" c="0"/>
</B>
<B id="106" t="ppcif" f="6" l="18" c="0">
<BEGIN l="18" c="17"/>
<END l="2558" c="0"/>
</B>
<B id="107" t="ppcif" f="11" l="19" c="0">
<BEGIN l="19" c="23"/>
<END l="48" c="0"/>
</B>
<B id="108" t="ppcif" f="12" l="18" c="0">
<BEGIN l="18" c="21"/>
<END l="184" c="0"/>
</B>
<B id="109" t="routine" f="12" l="38" c="9">
<BEGIN l="41" c="0"/>
<END l="43" c="0"/>
</B>
<B id="110" t="ppcif" f="23" l="24" c="0">
<BEGIN l="24" c="15"/>
<END l="443" c="0"/>
</B>
<B id="111" t="ppcrmif" f="23" l="34" c="0">
<BEGIN l="34" c="19"/>
<END l="43" c="0"/>
</B>
<B id="112" t="ppcrmif" f="23" l="76" c="0">
<BEGIN l="76" c="46"/>
<END l="124" c="0"/>
</B>
<B id="113" t="ppcrmif" f="23" l="130" c="0">
<BEGIN l="130" c="45"/>
<END l="133" c="0"/>
</B>
<B id="114" t="ppcrmif" f="23" l="137" c="0">
<BEGIN l="137" c="19"/>
<END l="255" c="0"/>
</B>
<B id="115" t="ppcrmif" f="23" l="257" c="0">
<BEGIN l="257" c="17"/>
<END l="272" c="0"/>
</B>
<B id="116" t="ppcrmif" f="23" l="275" c="0">
<BEGIN l="275" c="17"/>
<END l="313" c="0"/>
</B>
<B id="117" t="ppcelse" f="23" l="313" c="0">
<BEGIN l="313" c="17"/>
<END l="320" c="0"/>
</B>
<B id="118" t="ppcrmif" f="23" l="315" c="0">
<BEGIN l="315" c="19"/>
<END l="318" c="0"/>
</B>
<B id="119" t="ppcrmif" f="23" l="324" c="0">
<BEGIN l="324" c="44"/>
<END l="338" c="0"/>
</B>
<B id="120" t="ppcrmif" f="23" l="343" c="0">
<BEGIN l="343" c="16"/>
<END l="357" c="0"/>
</B>
<B id="121" t="ppcif" f="23" l="363" c="0">
<BEGIN l="363" c="57"/>
<END l="365" c="0"/>
</B>
<B id="122" t="ppcrmif" f="23" l="367" c="0">
<BEGIN l="367" c="47"/>
<END l="380" c="0"/>
</B>
<B id="123" t="ppcrmif" f="23" l="383" c="0">
<BEGIN l="383" c="27"/>
<END l="385" c="0"/>
</B>
<B id="124" t="ppcrmif" f="23" l="387" c="0">
<BEGIN l="387" c="19"/>
<END l="438" c="0"/>
</B>
<B id="125" t="ppcif" f="24" l="19" c="0">
<BEGIN l="19" c="19"/>
<END l="345" c="0"/>
</B>
<B id="126" t="ppcif" f="24" l="113" c="0">
<BEGIN l="113" c="27"/>
<END l="115" c="0"/>
</B>
<B id="127" t="ppcrmif" f="24" l="127" c="0">
<BEGIN l="127" c="46"/>
<END l="130" c="0"/>
</B>
<B id="128" t="ppcelse" f="24" l="130" c="0">
<BEGIN l="130" c="5"/>
<END l="132" c="0"/>
</B>
<B id="129" t="ppcrmif" f="24" l="136" c="0">
<BEGIN l="139" c="50"/>
<END l="141" c="0"/>
</B>
<B id="130" t="ppcrmif" f="24" l="144" c="0">
<BEGIN l="144" c="18"/>
<END l="161" c="0"/>
</B>
<B id="131" t="ppcrmif" f="24" l="165" c="0">
<BEGIN l="168" c="51"/>
<END l="171" c="0"/>
</B>
<B id="132" t="ppcrmif" f="24" l="177" c="0">
<BEGIN l="178" c="66"/>
<END l="180" c="0"/>
</B>
<B id="133" t="ppcrmif" f="24" l="184" c="0">
<BEGIN l="185" c="56"/>
<END l="192" c="0"/>
</B>
<B id="134" t="ppcrmif" f="24" l="194" c="0">
<BEGIN l="194" c="74"/>
<END l="196" c="0"/>
</B>
<B id="135" t="ppcrmif" f="24" l="198" c="0">
<BEGIN l="198" c="76"/>
<END l="200" c="0"/>
</B>
<B id="136" t="ppcrmif" f="24" l="202" c="0">
<BEGIN l="202" c="36"/>
<END l="204" c="0"/>
</B>
<B id="137" t="ppcrmif" f="24" l="206" c="0">
<BEGIN l="206" c="36"/>
<END l="208" c="0"/>
</B>
<B id="138" t="ppcrmif" f="24" l="210" c="0">
<BEGIN l="210" c="36"/>
<END l="212" c="0"/>
</B>
<B id="139" t="ppcrmif" f="24" l="214" c="0">
<BEGIN l="214" c="20"/>
<END l="231" c="0"/>
</B>
<B id="140" t="ppcrmif" f="24" l="233" c="0">
<BEGIN l="233" c="24"/>
<END l="235" c="0"/>
</B>
<B id="141" t="ppcrmif" f="24" l="237" c="0">
<BEGIN l="237" c="26"/>
<END l="239" c="0"/>
</B>
<B id="142" t="ppcrmif" f="24" l="241" c="0">
<BEGIN l="241" c="56"/>
<END l="243" c="0"/>
</B>
<B id="143" t="ppcrmif" f="24" l="245" c="0">
<BEGIN l="245" c="47"/>
<END l="247" c="0"/>
</B>
<B id="144" t="ppcrmif" f="24" l="249" c="0">
<BEGIN l="249" c="18"/>
<END l="251" c="0"/>
</B>
<B id="145" t="ppcrmif" f="24" l="253" c="0">
<BEGIN l="253" c="19"/>
<END l="255" c="0"/>
</B>
<B id="146" t="ppcrmif" f="24" l="257" c="0">
<BEGIN l="257" c="18"/>
<END l="259" c="0"/>
</B>
<B id="147" t="ppcrmif" f="24" l="261" c="0">
<BEGIN l="261" c="46"/>
<END l="263" c="0"/>
</B>
<B id="148" t="ppcrmif" f="24" l="265" c="0">
<BEGIN l="274" c="37"/>
<END l="280" c="0"/>
</B>
<B id="149" t="ppcelse" f="24" l="280" c="0">
<BEGIN l="280" c="5"/>
<END l="282" c="0"/>
</B>
<B id="150" t="ppcrmif" f="24" l="309" c="0">
<BEGIN l="312" c="64"/>
<END l="314" c="0"/>
</B>
<B id="151" t="ppcif" f="24" l="317" c="0">
<BEGIN l="317" c="21"/>
<END l="329" c="0"/>
</B>
<B id="152" t="ppcif" f="24" l="318" c="0">
<BEGIN l="318" c="21"/>
<END l="320" c="0"/>
</B>
<B id="153" t="ppcrmif" f="24" l="324" c="0">
<BEGIN l="324" c="55"/>
<END l="327" c="0"/>
</B>
<B id="154" t="ppcrmif" f="24" l="332" c="0">
<BEGIN l="333" c="59"/>
<END l="335" c="0"/>
</B>
<B id="155" t="ppcif" f="25" l="19" c="0">
<BEGIN l="19" c="20"/>
<END l="296" c="0"/>
</B>
<B id="156" t="ppcrmif" f="25" l="23" c="0">
<BEGIN l="23" c="19"/>
<END l="25" c="0"/>
</B>
<B id="157" t="ppcrmif" f="25" l="30" c="0">
<BEGIN l="30" c="41"/>
<END l="32" c="0"/>
</B>
<B id="158" t="ppcrmif" f="25" l="38" c="0">
<BEGIN l="38" c="15"/>
<END l="60" c="0"/>
</B>
<B id="159" t="ppcelse" f="25" l="60" c="0">
<BEGIN l="60" c="21"/>
<END l="71" c="0"/>
</B>
<B id="160" t="ppcrmif" f="25" l="90" c="0">
<BEGIN l="90" c="18"/>
<END l="93" c="0"/>
</B>
<B id="161" t="ppcelse" f="25" l="93" c="0">
<BEGIN l="93" c="5"/>
<END l="96" c="0"/>
</B>
<B id="162" t="ppcrmif" f="25" l="104" c="0">
<BEGIN l="104" c="58"/>
<END l="111" c="0"/>
</B>
<B id="163" t="ppcelse" f="25" l="111" c="0">
<BEGIN l="111" c="5"/>
<END l="121" c="0"/>
</B>
<B id="164" t="ppcif" f="25" l="125" c="0">
<BEGIN l="125" c="28"/>
<END l="129" c="0"/>
</B>
<B id="165" t="ppcrmif" f="25" l="138" c="0">
<BEGIN l="138" c="24"/>
<END l="146" c="0"/>
</B>
<B id="166" t="ppcelse" f="25" l="146" c="0">
<BEGIN l="146" c="5"/>
<END l="157" c="0"/>
</B>
<B id="167" t="ppcrmif" f="25" l="147" c="0">
<BEGIN l="147" c="16"/>
<END l="149" c="0"/>
</B>
<B id="168" t="ppcelse" f="25" l="149" c="0">
<BEGIN l="149" c="6"/>
<END l="156" c="0"/>
</B>
<B id="169" t="ppcrmif" f="25" l="150" c="0">
<BEGIN l="150" c="61"/>
<END l="152" c="0"/>
</B>
<B id="170" t="ppcelse" f="25" l="152" c="0">
<BEGIN l="152" c="7"/>
<END l="155" c="0"/>
</B>
<B id="171" t="ppcrmif" f="25" l="170" c="0">
<BEGIN l="170" c="37"/>
<END l="189" c="0"/>
</B>
<B id="172" t="ppcif" f="25" l="194" c="0">
<BEGIN l="194" c="37"/>
<END l="196" c="0"/>
</B>
<B id="173" t="ppcrmif" f="25" l="201" c="0">
<BEGIN l="201" c="24"/>
<END l="203" c="0"/>
</B>
<B id="174" t="ppcelse" f="25" l="203" c="0">
<BEGIN l="203" c="5"/>
<END l="205" c="0"/>
</B>
<B id="175" t="ppcrmif" f="25" l="210" c="0">
<BEGIN l="210" c="24"/>
<END l="212" c="0"/>
</B>
<B id="176" t="ppcelse" f="25" l="212" c="0">
<BEGIN l="212" c="5"/>
<END l="214" c="0"/>
</B>
<B id="177" t="ppcrmif" f="25" l="219" c="0">
<BEGIN l="219" c="23"/>
<END l="222" c="0"/>
</B>
<B id="178" t="ppcelse" f="25" l="222" c="0">
<BEGIN l="222" c="5"/>
<END l="225" c="0"/>
</B>
<B id="179" t="ppcrmif" f="25" l="228" c="0">
<BEGIN l="228" c="23"/>
<END l="230" c="0"/>
</B>
<B id="180" t="ppcelse" f="25" l="230" c="0">
<BEGIN l="230" c="5"/>
<END l="232" c="0"/>
</B>
<B id="181" t="ppcrmif" f="25" l="240" c="0">
<BEGIN l="240" c="23"/>
<END l="242" c="0"/>
</B>
<B id="182" t="ppcelse" f="25" l="242" c="0">
<BEGIN l="242" c="5"/>
<END l="244" c="0"/>
</B>
<B id="183" t="ppcrmif" f="25" l="250" c="0">
<BEGIN l="250" c="24"/>
<END l="253" c="0"/>
</B>
<B id="184" t="ppcelse" f="25" l="253" c="0">
<BEGIN l="253" c="5"/>
<END l="255" c="0"/>
</B>
<B id="185" t="ppcrmif" f="25" l="259" c="0">
<BEGIN l="259" c="23"/>
<END l="261" c="0"/>
</B>
<B id="186" t="ppcelse" f="25" l="261" c="0">
<BEGIN l="261" c="5"/>
<END l="263" c="0"/>
</B>
<B id="187" t="ppcif" f="25" l="269" c="0">
<BEGIN l="269" c="24"/>
<END l="271" c="0"/>
</B>
<B id="188" t="ppcif" f="25" l="274" c="0">
<BEGIN l="274" c="25"/>
<END l="276" c="0"/>
</B>
<B id="189" t="ppcrmif" f="25" l="281" c="0">
<BEGIN l="281" c="44"/>
<END l="283" c="0"/>
</B>
<B id="190" t="ppcelse" f="25" l="283" c="0">
<BEGIN l="283" c="5"/>
<END l="294" c="0"/>
</B>
<B id="191" t="ppcrmif" f="25" l="284" c="0">
<BEGIN l="284" c="16"/>
<END l="286" c="0"/>
</B>
<B id="192" t="ppcelse" f="25" l="286" c="0">
<BEGIN l="286" c="6"/>
<END l="293" c="0"/>
</B>
<B id="193" t="ppcrmif" f="25" l="287" c="0">
<BEGIN l="287" c="61"/>
<END l="289" c="0"/>
</B>
<B id="194" t="ppcelse" f="25" l="289" c="0">
<BEGIN l="289" c="7"/>
<END l="292" c="0"/>
</B>
<B id="195" t="ppcrmif" f="26" l="6" c="0">
<BEGIN l="6" c="12"/>
<END l="8" c="0"/>
</B>
<B id="196" t="type" f="7" l="43" c="14">
<BEGIN l="43" c="14"/>
<END l="43" c="50"/>
</B>
<B id="197" t="initializer" f="7" l="52" c="20">
<BEGIN l="52" c="31"/>
<END l="52" c="68"/>
</B>
<B id="198" t="ppcrmif" f="7" l="22" c="0">
<BEGIN l="22" c="15"/>
<END l="24" c="0"/>
</B>
<B id="199" t="ppcrmif" f="7" l="28" c="0">
<BEGIN l="28" c="22"/>
<END l="30" c="0"/>
</B>
<B id="200" t="ppcrmelif" f="7" l="30" c="0">
<BEGIN l="30" c="5"/>
<END l="32" c="0"/>
</B>
<B id="201" t="ppcrmelif" f="7" l="32" c="0">
<BEGIN l="32" c="5"/>
<END l="39" c="0"/>
</B>
<B id="202" t="ppcrmelse" f="7" l="39" c="0">
<BEGIN l="39" c="19"/>
<END l="55" c="0"/>
</B>
<B id="203" t="ppcrmif" f="7" l="45" c="0">
<BEGIN l="45" c="33"/>
<END l="47" c="0"/>
</B>
<B id="204" t="ppcif" f="7" l="48" c="0">
<BEGIN l="48" c="36"/>
<END l="50" c="0"/>
</B>
<B id="205" t="ppcif" f="27" l="19" c="0">
<BEGIN l="19" c="17"/>
<END l="58" c="0"/>
</B>
<B id="206" t="ppcif" f="27" l="41" c="0">
<BEGIN l="41" c="26"/>
<END l="43" c="0"/>
</B>
<B id="207" t="ppcrmif" f="27" l="45" c="0">
<BEGIN l="45" c="16"/>
<END l="50" c="0"/>
</B>
<B id="208" t="ppcif" f="27" l="52" c="0">
<BEGIN l="52" c="35"/>
<END l="54" c="0"/>
</B>
<B id="209" t="ppcrmelif" f="27" l="54" c="0">
<BEGIN l="54" c="5"/>
<END l="56" c="0"/>
</B>
<B id="210" t="ppcrmif" f="28" l="3" c="0">
<BEGIN l="3" c="17"/>
<END l="5" c="0"/>
</B>
<B id="211" t="ppcrmif" f="29" l="19" c="0">
<BEGIN l="19" c="43"/>
<END l="21" c="0"/>
</B>
<B id="212" t="ppcrmif" f="29" l="23" c="0">
<BEGIN l="23" c="71"/>
<END l="48" c="0"/>
</B>
<B id="213" t="ppcrmif" f="30" l="46" c="0">
<BEGIN l="46" c="15"/>
<END l="48" c="0"/>
</B>
<B id="214" t="ppcrmif" f="30" l="80" c="0">
<BEGIN l="80" c="16"/>
<END l="84" c="0"/>
</B>
<B id="215" t="ppcrmif" f="30" l="86" c="0">
<BEGIN l="86" c="78"/>
<END l="95" c="0"/>
</B>
<B id="216" t="ppcrmif" f="30" l="119" c="0">
<BEGIN l="119" c="16"/>
<END l="124" c="0"/>
</B>
<B id="217" t="ppcrmif" f="30" l="126" c="0">
<BEGIN l="126" c="78"/>
<END l="137" c="0"/>
</B>
<B id="218" t="ppcrmif" f="30" l="139" c="0">
<BEGIN l="139" c="19"/>
<END l="147" c="0"/>
</B>
<B id="219" t="ppcrmif" f="30" l="160" c="0">
<BEGIN l="160" c="69"/>
<END l="165" c="0"/>
</B>
<B id="220" t="ppcrmif" f="30" l="167" c="0">
<BEGIN l="167" c="78"/>
<END l="172" c="0"/>
</B>
<B id="221" t="ppcrmif" f="30" l="199" c="0">
<BEGIN l="199" c="17"/>
<END l="213" c="0"/>
</B>
<B id="222" t="ppcrmif" f="30" l="215" c="0">
<BEGIN l="215" c="46"/>
<END l="220" c="0"/>
</B>
<B id="223" t="ppcrmif" f="30" l="222" c="0">
<BEGIN l="222" c="19"/>
<END l="227" c="0"/>
</B>
<B id="224" t="ppcrmif" f="30" l="233" c="0">
<BEGIN l="233" c="45"/>
<END l="244" c="0"/>
</B>
<B id="225" t="ppcrmif" f="30" l="247" c="0">
<BEGIN l="247" c="69"/>
<END l="254" c="0"/>
</B>
<B id="226" t="ppcrmif" f="30" l="256" c="0">
<BEGIN l="256" c="19"/>
<END l="261" c="0"/>
</B>
<B id="227" t="ppcrmif" f="30" l="263" c="0">
<BEGIN l="263" c="45"/>
<END l="266" c="0"/>
</B>
<B id="228" t="ppcrmif" f="30" l="268" c="0">
<BEGIN l="268" c="17"/>
<END l="273" c="0"/>
</B>
<B id="229" t="ppcrmif" f="30" l="276" c="0">
<BEGIN l="276" c="78"/>
<END l="298" c="0"/>
</B>
<B id="230" t="ppcrmif" f="30" l="300" c="0">
<BEGIN l="300" c="19"/>
<END l="356" c="0"/>
</B>
<B id="231" t="ppcrmif" f="30" l="358" c="0">
<BEGIN l="358" c="78"/>
<END l="360" c="0"/>
</B>
<B id="232" t="ppcrmif" f="30" l="362" c="0">
<BEGIN l="362" c="54"/>
<END l="365" c="0"/>
</B>
<B id="233" t="ppcif" f="13" l="17" c="0">
<BEGIN l="17" c="17"/>
<END l="459" c="0"/>
</B>
<B id="234" t="routine" f="13" l="57" c="6">
<BEGIN l="60" c="0"/>
<END l="70" c="0"/>
</B>
<B id="235" t="routine" f="13" l="82" c="9">
<BEGIN l="84" c="0"/>
<END l="88" c="0"/>
</B>
<B id="236" t="routine" f="13" l="98" c="9">
<BEGIN l="101" c="0"/>
<END l="106" c="0"/>
</B>
<B id="237" t="type" f="8" l="23" c="15">
<BEGIN l="23" c="15"/>
<END l="29" c="0"/>
</B>
<B id="238" t="type" f="8" l="31" c="15">
<BEGIN l="31" c="15"/>
<END l="36" c="0"/>
</B>
<B id="239" t="type" f="8" l="40" c="15">
<BEGIN l="40" c="15"/>
<END l="43" c="0"/>
</B>
<B id="240" t="type" f="8" l="45" c="15">
<BEGIN l="45" c="15"/>
<END l="48" c="0"/>
</B>
<B id="241" t="ppcif" f="8" l="17" c="0">
<BEGIN l="17" c="22"/>
<END l="50" c="0"/>
</B>
</Blocks>
</Navig>
