<?xml version="1.0" encoding="UTF-8"?>

<project name="Polyspace" files="1" includes="28" ap_cg_cycle="0" ap_cg_direct_cycle="0" pshv="0" unpshv="0">
<file name="C:\SynergyEA3\Working\TrqLOA\src\Ap_TrqLOA.c" total_lines="409" lines_without_cmt="212" comf="17" fco="5">
<function name="TrqLOA_Per1" path="18" goto="0" vg="26" calling="0" calls="3" param="0" stmt="68" level="2" return="0" vocf="10.1" flin="184" fxln="103" ncalls="5">
</function>
<function name="TrqLOA_Init1" path="1" goto="0" vg="1" calling="0" calls="1" param="0" stmt="1" level="1" return="0" vocf="2.0" flin="9" fxln="1" ncalls="1">
</function>
<function name="NF_FullUpdate_f32" path="1" goto="0" vg="1" calling="0" calls="2" param="3" stmt="3" level="1" return="1" vocf="2.0" flin="0" fxln="0" ncalls="2">
</function>
<function name="NF_OpUpdate_f32" path="1" goto="0" vg="1" calling="1" calls="0" param="2" stmt="2" level="1" return="1" vocf="1.9" flin="0" fxln="0" ncalls="0">
</function>
<function name="NF_SvUpdate_f32" path="1" goto="0" vg="1" calling="1" calls="0" param="3" stmt="4" level="1" return="1" vocf="4.2" flin="0" fxln="0" ncalls="0">
</function>
<function name="Blend_f32" path="1" goto="0" vg="1" calling="0" calls="0" param="3" stmt="1" level="1" return="1" vocf="2.9" flin="0" fxln="0" ncalls="0">
</function>
</file>
</project>
